0,297
1,298
2,299
3,-1
4,-1
5,300
6,301
7,302
8,-1
9,-1
10,303
11,304
12,305
13,-1
14,-1
15,306
16,307
17,308
18,-1
19,-1
20,309
21,310
22,311
23,-1
24,-1
25,312
26,313
27,314
28,-1
29,-1
30,315
31,316
32,630
33,631
34,632
35,-1
36,-1
37,633
38,634
39,635
40,-1
41,-1
42,636
43,637
44,638
45,-1
46,-1
47,639
48,640
49,641
50,-1
51,-1
52,642
53,643
54,644
55,-1
56,-1
57,645
58,646
59,647
60,-1
61,-1
62,648
63,649
64,1014
65,1015
66,1016
67,-1
68,-1
69,1017
70,1018
71,1019
72,-1
73,-1
74,1020
75,1021
76,1022
77,-1
78,-1
79,1023
80,1024
81,1025
82,-1
83,-1
84,1026
85,1027
86,1028
87,-1
88,-1
89,1029
90,1030
91,1031
92,-1
93,-1
94,1032
95,1033
96,1344
97,1345
98,1346
99,-1
100,-1
101,1347
102,1348
103,1349
104,-1
105,-1
106,1350
107,1351
108,1352
109,-1
110,-1
111,1353
112,1354
113,1355
114,-1
115,-1
116,1356
117,1357
118,1358
119,-1
120,-1
121,1359
122,1360
123,1361
124,-1
125,-1
126,1362
127,1363
128,1734
129,1735
130,1736
131,-1
132,-1
133,1737
134,1738
135,1739
136,-1
137,-1
138,1740
139,1741
140,1742
141,-1
142,-1
143,1743
144,1744
145,1745
146,-1
147,-1
148,1746
149,1747
150,1748
151,-1
152,-1
153,1749
154,1750
155,1751
156,-1
157,-1
158,1752
159,1753
160,2055
161,2056
162,2057
163,-1
164,-1
165,2058
166,2059
167,2060
168,-1
169,-1
170,2061
171,2062
172,2063
173,-1
174,-1
175,2064
176,2065
177,2066
178,-1
179,-1
180,2067
181,2068
182,2069
183,-1
184,-1
185,2070
186,2071
187,2072
188,-1
189,-1
190,2073
191,2074
192,2454
193,2455
194,2456
195,-1
196,-1
197,2457
198,2458
199,2459
200,-1
201,-1
202,2460
203,2461
204,2462
205,-1
206,-1
207,2463
208,2464
209,2465
210,-1
211,-1
212,2466
213,2467
214,2468
215,-1
216,-1
217,2469
218,2470
219,2471
220,-1
221,-1
222,2472
223,2473
224,2775
225,2776
226,2777
227,-1
228,-1
229,2778
230,2779
231,2780
232,-1
233,-1
234,2781
235,2782
236,2783
237,-1
238,-1
239,2784
240,2785
241,2786
242,-1
243,-1
244,2787
245,2788
246,2789
247,-1
248,-1
249,2790
250,2791
251,2792
252,-1
253,-1
254,2793
255,2794
256,3108
257,3109
258,3110
259,-1
260,-1
261,3111
262,3112
263,3113
264,-1
265,-1
266,3114
267,3115
268,3116
269,-1
270,-1
271,3117
272,3118
273,3119
274,-1
275,-1
276,3120
277,3121
278,3122
279,-1
280,-1
281,3123
282,3124
283,3125
284,-1
285,-1
286,3126
287,3127
288,3417
289,3418
290,3419
291,-1
292,-1
293,3420
294,3421
295,3422
296,-1
297,-1
298,3423
299,3424
300,3425
301,-1
302,-1
303,3426
304,3427
305,3428
306,-1
307,-1
308,3429
309,3430
310,3431
311,-1
312,-1
313,3432
314,3433
315,3434
316,-1
317,-1
318,3435
319,3436
320,3831
321,3832
322,3833
323,-1
324,-1
325,3834
326,3835
327,3836
328,-1
329,-1
330,3837
331,3838
332,3839
333,-1
334,-1
335,3840
336,3841
337,3842
338,-1
339,-1
340,3843
341,3844
342,3845
343,-1
344,-1
345,3846
346,3847
347,3848
348,-1
349,-1
350,3849
351,3850
352,4134
353,4135
354,4136
355,-1
356,-1
357,4137
358,4138
359,4139
360,-1
361,-1
362,4140
363,4141
364,4142
365,-1
366,-1
367,4143
368,4144
369,4145
370,-1
371,-1
372,4146
373,4147
374,4148
375,-1
376,-1
377,4149
378,4150
379,4151
380,-1
381,-1
382,4152
383,4153
384,4551
385,4552
386,4553
387,-1
388,-1
389,4554
390,4555
391,4556
392,-1
393,-1
394,4557
395,4558
396,4559
397,-1
398,-1
399,4560
400,4561
401,4562
402,-1
403,-1
404,4563
405,4564
406,4565
407,-1
408,-1
409,4566
410,4567
411,4568
412,-1
413,-1
414,4569
415,4570
416,4851
417,4852
418,4853
419,-1
420,-1
421,4854
422,4855
423,4856
424,-1
425,-1
426,4857
427,4858
428,4859
429,-1
430,-1
431,4860
432,4861
433,4862
434,-1
435,-1
436,4863
437,4864
438,4865
439,-1
440,-1
441,4866
442,4867
443,4868
444,-1
445,-1
446,4869
447,4870
448,5271
449,5272
450,5273
451,-1
452,-1
453,5274
454,5275
455,5276
456,-1
457,-1
458,5277
459,5278
460,5279
461,-1
462,-1
463,5280
464,5281
465,5282
466,-1
467,-1
468,5283
469,5284
470,5285
471,-1
472,-1
473,5286
474,5287
475,5288
476,-1
477,-1
478,5289
479,5290
480,5565
481,5566
482,5567
483,-1
484,-1
485,5568
486,5569
487,5570
488,-1
489,-1
490,5571
491,5572
492,5573
493,-1
494,-1
495,5574
496,5575
497,5576
498,-1
499,-1
500,5577
501,5578
502,5579
503,-1
504,-1
505,5580
506,5581
507,5582
508,-1
509,-1
510,5583
511,5584
512,5844
513,5845
514,5846
515,-1
516,-1
517,5847
518,5848
519,5849
520,-1
521,-1
522,5850
523,5851
524,5852
525,-1
526,-1
527,5853
528,5854
529,5855
530,-1
531,-1
532,5856
533,5857
534,5858
535,-1
536,-1
537,5859
538,5860
539,5861
540,-1
541,-1
542,5862
543,5863
544,6135
545,6136
546,6137
547,-1
548,-1
549,6138
550,6139
551,6140
552,-1
553,-1
554,6141
555,6142
556,6143
557,-1
558,-1
559,6144
560,6145
561,6146
562,-1
563,-1
564,6147
565,6148
566,6149
567,-1
568,-1
569,6150
570,6151
571,6152
572,-1
573,-1
574,6153
575,6154
576,6561
577,6562
578,6563
579,-1
580,-1
581,6564
582,6565
583,6566
584,-1
585,-1
586,6567
587,6568
588,6569
589,-1
590,-1
591,6570
592,6571
593,6572
594,-1
595,-1
596,6573
597,6574
598,6575
599,-1
600,-1
601,6576
602,6577
603,6578
604,-1
605,-1
606,6579
607,6580
608,6852
609,6853
610,6854
611,-1
612,-1
613,6855
614,6856
615,6857
616,-1
617,-1
618,6858
619,6859
620,6860
621,-1
622,-1
623,6861
624,6862
625,6863
626,-1
627,-1
628,6864
629,6865
630,6866
631,-1
632,-1
633,6867
634,6868
635,6869
636,-1
637,-1
638,6870
639,6871
640,7281
641,7282
642,7283
643,-1
644,-1
645,7284
646,7285
647,7286
648,-1
649,-1
650,7287
651,7288
652,7289
653,-1
654,-1
655,7290
656,7291
657,7292
658,-1
659,-1
660,7293
661,7294
662,7295
663,-1
664,-1
665,7296
666,7297
667,7298
668,-1
669,-1
670,7299
671,7300
672,7569
673,7570
674,7571
675,-1
676,-1
677,7572
678,7573
679,7574
680,-1
681,-1
682,7575
683,7576
684,7577
685,-1
686,-1
687,7578
688,7579
689,7580
690,-1
691,-1
692,7581
693,7582
694,7583
695,-1
696,-1
697,7584
698,7585
699,7586
700,-1
701,-1
702,7587
703,7588
704,8001
705,8002
706,8003
707,-1
708,-1
709,8004
710,8005
711,8006
712,-1
713,-1
714,8007
715,8008
716,8009
717,-1
718,-1
719,8010
720,8011
721,8012
722,-1
723,-1
724,8013
725,8014
726,8015
727,-1
728,-1
729,8016
730,8017
731,8018
732,-1
733,-1
734,8019
735,8020
736,8289
737,8290
738,8291
739,-1
740,-1
741,8292
742,8293
743,8294
744,-1
745,-1
746,8295
747,8296
748,8297
749,-1
750,-1
751,8298
752,8299
753,8300
754,-1
755,-1
756,8301
757,8302
758,8303
759,-1
760,-1
761,8304
762,8305
763,8306
764,-1
765,-1
766,8307
767,8308
768,8808
769,8809
770,8810
771,-1
772,-1
773,8811
774,8812
775,8813
776,-1
777,-1
778,8814
779,8815
780,8816
781,-1
782,-1
783,8817
784,8818
785,8819
786,-1
787,-1
788,8820
789,8821
790,8822
791,-1
792,-1
793,8823
794,8824
795,8825
796,-1
797,-1
798,8826
799,8827
800,9078
801,9079
802,9080
803,-1
804,-1
805,9081
806,9082
807,9083
808,-1
809,-1
810,9084
811,9085
812,9086
813,-1
814,-1
815,9087
816,9088
817,9089
818,-1
819,-1
820,9090
821,9091
822,9092
823,-1
824,-1
825,9093
826,9094
827,9095
828,-1
829,-1
830,9096
831,9097
832,9525
833,9526
834,9527
835,-1
836,-1
837,9528
838,9529
839,9530
840,-1
841,-1
842,9531
843,9532
844,9533
845,-1
846,-1
847,9534
848,9535
849,9536
850,-1
851,-1
852,9537
853,9538
854,9539
855,-1
856,-1
857,9540
858,9541
859,9542
860,-1
861,-1
862,9543
863,9544
864,9795
865,9796
866,9797
867,-1
868,-1
869,9798
870,9799
871,9800
872,-1
873,-1
874,9801
875,9802
876,9803
877,-1
878,-1
879,9804
880,9805
881,9806
882,-1
883,-1
884,9807
885,9808
886,9809
887,-1
888,-1
889,9810
890,9811
891,9812
892,-1
893,-1
894,9813
895,9814
896,10245
897,10246
898,10247
899,-1
900,-1
901,10248
902,10249
903,10250
904,-1
905,-1
906,10251
907,10252
908,10253
909,-1
910,-1
911,10254
912,10255
913,10256
914,-1
915,-1
916,10257
917,10258
918,10259
919,-1
920,-1
921,10260
922,10261
923,10262
924,-1
925,-1
926,10263
927,10264
928,10512
929,10513
930,10514
931,-1
932,-1
933,10515
934,10516
935,10517
936,-1
937,-1
938,10518
939,10519
940,10520
941,-1
942,-1
943,10521
944,10522
945,10523
946,-1
947,-1
948,10524
949,10525
950,10526
951,-1
952,-1
953,10527
954,10528
955,10529
956,-1
957,-1
958,10530
959,10531
960,10965
961,10966
962,10967
963,-1
964,-1
965,10968
966,10969
967,10970
968,-1
969,-1
970,10971
971,10972
972,10973
973,-1
974,-1
975,10974
976,10975
977,10976
978,-1
979,-1
980,10977
981,10978
982,10979
983,-1
984,-1
985,10980
986,10981
987,10982
988,-1
989,-1
990,10983
991,10984
992,11232
993,11233
994,11234
995,-1
996,-1
997,11235
998,11236
999,11237
1000,-1
1001,-1
1002,11238
1003,11239
1004,11240
1005,-1
1006,-1
1007,11241
1008,11242
1009,11243
1010,-1
1011,-1
1012,11244
1013,11245
1014,11246
1015,-1
1016,-1
1017,11247
1018,11248
1019,11249
1020,-1
1021,-1
1022,11250
1023,11251
1024,11520
1025,11521
1026,11522
1027,-1
1028,-1
1029,11523
1030,11524
1031,11525
1032,-1
1033,-1
1034,11526
1035,11527
1036,11528
1037,-1
1038,-1
1039,11529
1040,11530
1041,11531
1042,-1
1043,-1
1044,11532
1045,11533
1046,11534
1047,-1
1048,-1
1049,11535
1050,11536
1051,11537
1052,-1
1053,-1
1054,11538
1055,11539
1056,11817
1057,11818
1058,11819
1059,-1
1060,-1
1061,11820
1062,11821
1063,11822
1064,-1
1065,-1
1066,11823
1067,11824
1068,11825
1069,-1
1070,-1
1071,11826
1072,11827
1073,11828
1074,-1
1075,-1
1076,11829
1077,11830
1078,11831
1079,-1
1080,-1
1081,11832
1082,11833
1083,11834
1084,-1
1085,-1
1086,11835
1087,11836
1088,12240
1089,12241
1090,12242
1091,-1
1092,-1
1093,12243
1094,12244
1095,12245
1096,-1
1097,-1
1098,12246
1099,12247
1100,12248
1101,-1
1102,-1
1103,12249
1104,12250
1105,12251
1106,-1
1107,-1
1108,12252
1109,12253
1110,12254
1111,-1
1112,-1
1113,12255
1114,12256
1115,12257
1116,-1
1117,-1
1118,12258
1119,12259
1120,12600
1121,12601
1122,12602
1123,-1
1124,-1
1125,12603
1126,12604
1127,12605
1128,-1
1129,-1
1130,12606
1131,12607
1132,12608
1133,-1
1134,-1
1135,12609
1136,12610
1137,12611
1138,-1
1139,-1
1140,12612
1141,12613
1142,12614
1143,-1
1144,-1
1145,12615
1146,12616
1147,12617
1148,-1
1149,-1
1150,12618
1151,12619
1152,317
1153,-1
1154,-1
1155,318
1156,319
1157,320
1158,-1
1159,-1
1160,321
1161,322
1162,323
1163,-1
1164,-1
1165,324
1166,325
1167,326
1168,-1
1169,-1
1170,327
1171,328
1172,329
1173,-1
1174,-1
1175,330
1176,331
1177,332
1178,-1
1179,-1
1180,333
1181,334
1182,335
1183,-1
1184,650
1185,-1
1186,-1
1187,651
1188,652
1189,653
1190,-1
1191,-1
1192,654
1193,655
1194,656
1195,-1
1196,-1
1197,657
1198,658
1199,659
1200,-1
1201,-1
1202,660
1203,661
1204,662
1205,-1
1206,-1
1207,663
1208,664
1209,665
1210,-1
1211,-1
1212,666
1213,667
1214,668
1215,-1
1216,1034
1217,-1
1218,-1
1219,1035
1220,1036
1221,1037
1222,-1
1223,-1
1224,1038
1225,1039
1226,1040
1227,-1
1228,-1
1229,1041
1230,1042
1231,1043
1232,-1
1233,-1
1234,1044
1235,1045
1236,1046
1237,-1
1238,-1
1239,1047
1240,1048
1241,1049
1242,-1
1243,-1
1244,1050
1245,1051
1246,1052
1247,-1
1248,1364
1249,-1
1250,-1
1251,1365
1252,1366
1253,1367
1254,-1
1255,-1
1256,1368
1257,1369
1258,1370
1259,-1
1260,-1
1261,1371
1262,1372
1263,1373
1264,-1
1265,-1
1266,1374
1267,1375
1268,1376
1269,-1
1270,-1
1271,1377
1272,1378
1273,1379
1274,-1
1275,-1
1276,1380
1277,1381
1278,1382
1279,-1
1280,1754
1281,-1
1282,-1
1283,1755
1284,1756
1285,1757
1286,-1
1287,-1
1288,1758
1289,1759
1290,1760
1291,-1
1292,-1
1293,1761
1294,1762
1295,1763
1296,-1
1297,-1
1298,1764
1299,1765
1300,1766
1301,-1
1302,-1
1303,1767
1304,1768
1305,1769
1306,-1
1307,-1
1308,1770
1309,1771
1310,1772
1311,-1
1312,2075
1313,-1
1314,-1
1315,2076
1316,2077
1317,2078
1318,-1
1319,-1
1320,2079
1321,2080
1322,2081
1323,-1
1324,-1
1325,2082
1326,2083
1327,2084
1328,-1
1329,-1
1330,2085
1331,2086
1332,2087
1333,-1
1334,-1
1335,2088
1336,2089
1337,2090
1338,-1
1339,-1
1340,2091
1341,2092
1342,2093
1343,-1
1344,2474
1345,-1
1346,-1
1347,2475
1348,2476
1349,2477
1350,-1
1351,-1
1352,2478
1353,2479
1354,2480
1355,-1
1356,-1
1357,2481
1358,2482
1359,2483
1360,-1
1361,-1
1362,2484
1363,2485
1364,2486
1365,-1
1366,-1
1367,2487
1368,2488
1369,2489
1370,-1
1371,-1
1372,2490
1373,2491
1374,2492
1375,-1
1376,2795
1377,-1
1378,-1
1379,2796
1380,2797
1381,2798
1382,-1
1383,-1
1384,2799
1385,2800
1386,2801
1387,-1
1388,-1
1389,2802
1390,2803
1391,2804
1392,-1
1393,-1
1394,2805
1395,2806
1396,2807
1397,-1
1398,-1
1399,2808
1400,2809
1401,2810
1402,-1
1403,-1
1404,2811
1405,2812
1406,2813
1407,-1
1408,3128
1409,-1
1410,-1
1411,3129
1412,3130
1413,3131
1414,-1
1415,-1
1416,3132
1417,3133
1418,3134
1419,-1
1420,-1
1421,3135
1422,3136
1423,3137
1424,-1
1425,-1
1426,3138
1427,3139
1428,3140
1429,-1
1430,-1
1431,3141
1432,3142
1433,3143
1434,-1
1435,-1
1436,3144
1437,3145
1438,3146
1439,-1
1440,3437
1441,-1
1442,-1
1443,3438
1444,3439
1445,3440
1446,-1
1447,-1
1448,3441
1449,3442
1450,3443
1451,-1
1452,-1
1453,3444
1454,3445
1455,3446
1456,-1
1457,-1
1458,3447
1459,3448
1460,3449
1461,-1
1462,-1
1463,3450
1464,3451
1465,3452
1466,-1
1467,-1
1468,3453
1469,3454
1470,3455
1471,-1
1472,3851
1473,-1
1474,-1
1475,3852
1476,3853
1477,3854
1478,-1
1479,-1
1480,3855
1481,3856
1482,3857
1483,-1
1484,-1
1485,3858
1486,3859
1487,3860
1488,-1
1489,-1
1490,3861
1491,3862
1492,3863
1493,-1
1494,-1
1495,3864
1496,3865
1497,3866
1498,-1
1499,-1
1500,3867
1501,3868
1502,3869
1503,-1
1504,4154
1505,-1
1506,-1
1507,4155
1508,4156
1509,4157
1510,-1
1511,-1
1512,4158
1513,4159
1514,4160
1515,-1
1516,-1
1517,4161
1518,4162
1519,4163
1520,-1
1521,-1
1522,4164
1523,4165
1524,4166
1525,-1
1526,-1
1527,4167
1528,4168
1529,4169
1530,-1
1531,-1
1532,4170
1533,4171
1534,4172
1535,-1
1536,4571
1537,-1
1538,-1
1539,4572
1540,4573
1541,4574
1542,-1
1543,-1
1544,4575
1545,4576
1546,4577
1547,-1
1548,-1
1549,4578
1550,4579
1551,4580
1552,-1
1553,-1
1554,4581
1555,4582
1556,4583
1557,-1
1558,-1
1559,4584
1560,4585
1561,4586
1562,-1
1563,-1
1564,4587
1565,4588
1566,4589
1567,-1
1568,4871
1569,-1
1570,-1
1571,4872
1572,4873
1573,4874
1574,-1
1575,-1
1576,4875
1577,4876
1578,4877
1579,-1
1580,-1
1581,4878
1582,4879
1583,4880
1584,-1
1585,-1
1586,4881
1587,4882
1588,4883
1589,-1
1590,-1
1591,4884
1592,4885
1593,4886
1594,-1
1595,-1
1596,4887
1597,4888
1598,4889
1599,-1
1600,5291
1601,-1
1602,-1
1603,5292
1604,5293
1605,5294
1606,-1
1607,-1
1608,5295
1609,5296
1610,5297
1611,-1
1612,-1
1613,5298
1614,5299
1615,5300
1616,-1
1617,-1
1618,5301
1619,5302
1620,5303
1621,-1
1622,-1
1623,5304
1624,5305
1625,5306
1626,-1
1627,-1
1628,5307
1629,5308
1630,5309
1631,-1
1632,5585
1633,-1
1634,-1
1635,5586
1636,5587
1637,5588
1638,-1
1639,-1
1640,5589
1641,5590
1642,5591
1643,-1
1644,-1
1645,5592
1646,5593
1647,5594
1648,-1
1649,-1
1650,5595
1651,5596
1652,5597
1653,-1
1654,-1
1655,5598
1656,5599
1657,5600
1658,-1
1659,-1
1660,5601
1661,5602
1662,5603
1663,-1
1664,5864
1665,-1
1666,-1
1667,5865
1668,5866
1669,5867
1670,-1
1671,-1
1672,5868
1673,5869
1674,5870
1675,-1
1676,-1
1677,5871
1678,5872
1679,5873
1680,-1
1681,-1
1682,5874
1683,5875
1684,5876
1685,-1
1686,-1
1687,5877
1688,5878
1689,5879
1690,-1
1691,-1
1692,5880
1693,5881
1694,5882
1695,-1
1696,6155
1697,-1
1698,-1
1699,6156
1700,6157
1701,6158
1702,-1
1703,-1
1704,6159
1705,6160
1706,6161
1707,-1
1708,-1
1709,6162
1710,6163
1711,6164
1712,-1
1713,-1
1714,6165
1715,6166
1716,6167
1717,-1
1718,-1
1719,6168
1720,6169
1721,6170
1722,-1
1723,-1
1724,6171
1725,6172
1726,6173
1727,-1
1728,6581
1729,-1
1730,-1
1731,6582
1732,6583
1733,6584
1734,-1
1735,-1
1736,6585
1737,6586
1738,6587
1739,-1
1740,-1
1741,6588
1742,6589
1743,6590
1744,-1
1745,-1
1746,6591
1747,6592
1748,6593
1749,-1
1750,-1
1751,6594
1752,6595
1753,6596
1754,-1
1755,-1
1756,6597
1757,6598
1758,6599
1759,-1
1760,6872
1761,-1
1762,-1
1763,6873
1764,6874
1765,6875
1766,-1
1767,-1
1768,6876
1769,6877
1770,6878
1771,-1
1772,-1
1773,6879
1774,6880
1775,6881
1776,-1
1777,-1
1778,6882
1779,6883
1780,6884
1781,-1
1782,-1
1783,6885
1784,6886
1785,6887
1786,-1
1787,-1
1788,6888
1789,6889
1790,6890
1791,-1
1792,7301
1793,-1
1794,-1
1795,7302
1796,7303
1797,7304
1798,-1
1799,-1
1800,7305
1801,7306
1802,7307
1803,-1
1804,-1
1805,7308
1806,7309
1807,7310
1808,-1
1809,-1
1810,7311
1811,7312
1812,7313
1813,-1
1814,-1
1815,7314
1816,7315
1817,7316
1818,-1
1819,-1
1820,7317
1821,7318
1822,7319
1823,-1
1824,7589
1825,-1
1826,-1
1827,7590
1828,7591
1829,7592
1830,-1
1831,-1
1832,7593
1833,7594
1834,7595
1835,-1
1836,-1
1837,7596
1838,7597
1839,7598
1840,-1
1841,-1
1842,7599
1843,7600
1844,7601
1845,-1
1846,-1
1847,7602
1848,7603
1849,7604
1850,-1
1851,-1
1852,7605
1853,7606
1854,7607
1855,-1
1856,8021
1857,-1
1858,-1
1859,8022
1860,8023
1861,8024
1862,-1
1863,-1
1864,8025
1865,8026
1866,8027
1867,-1
1868,-1
1869,8028
1870,8029
1871,8030
1872,-1
1873,-1
1874,8031
1875,8032
1876,8033
1877,-1
1878,-1
1879,8034
1880,8035
1881,8036
1882,-1
1883,-1
1884,8037
1885,8038
1886,8039
1887,-1
1888,8309
1889,-1
1890,-1
1891,8310
1892,8311
1893,8312
1894,-1
1895,-1
1896,8313
1897,8314
1898,8315
1899,-1
1900,-1
1901,8316
1902,8317
1903,8318
1904,-1
1905,-1
1906,8319
1907,8320
1908,8321
1909,-1
1910,-1
1911,8322
1912,8323
1913,8324
1914,-1
1915,-1
1916,8325
1917,8326
1918,8327
1919,-1
1920,8828
1921,-1
1922,-1
1923,8829
1924,8830
1925,8831
1926,-1
1927,-1
1928,8832
1929,8833
1930,8834
1931,-1
1932,-1
1933,8835
1934,8836
1935,8837
1936,-1
1937,-1
1938,8838
1939,8839
1940,8840
1941,-1
1942,-1
1943,8841
1944,8842
1945,8843
1946,-1
1947,-1
1948,8844
1949,8845
1950,8846
1951,-1
1952,9098
1953,-1
1954,-1
1955,9099
1956,9100
1957,9101
1958,-1
1959,-1
1960,9102
1961,9103
1962,9104
1963,-1
1964,-1
1965,9105
1966,9106
1967,9107
1968,-1
1969,-1
1970,9108
1971,9109
1972,9110
1973,-1
1974,-1
1975,9111
1976,9112
1977,9113
1978,-1
1979,-1
1980,9114
1981,9115
1982,9116
1983,-1
1984,9545
1985,-1
1986,-1
1987,9546
1988,9547
1989,9548
1990,-1
1991,-1
1992,9549
1993,9550
1994,9551
1995,-1
1996,-1
1997,9552
1998,9553
1999,9554
2000,-1
2001,-1
2002,9555
2003,9556
2004,9557
2005,-1
2006,-1
2007,9558
2008,9559
2009,9560
2010,-1
2011,-1
2012,9561
2013,9562
2014,9563
2015,-1
2016,9815
2017,-1
2018,-1
2019,9816
2020,9817
2021,9818
2022,-1
2023,-1
2024,9819
2025,9820
2026,9821
2027,-1
2028,-1
2029,9822
2030,9823
2031,9824
2032,-1
2033,-1
2034,9825
2035,9826
2036,9827
2037,-1
2038,-1
2039,9828
2040,9829
2041,9830
2042,-1
2043,-1
2044,9831
2045,9832
2046,9833
2047,-1
2048,10265
2049,-1
2050,-1
2051,10266
2052,10267
2053,10268
2054,-1
2055,-1
2056,10269
2057,10270
2058,10271
2059,-1
2060,-1
2061,10272
2062,10273
2063,10274
2064,-1
2065,-1
2066,10275
2067,10276
2068,10277
2069,-1
2070,-1
2071,10278
2072,10279
2073,10280
2074,-1
2075,-1
2076,10281
2077,10282
2078,10283
2079,-1
2080,10532
2081,-1
2082,-1
2083,10533
2084,10534
2085,10535
2086,-1
2087,-1
2088,10536
2089,10537
2090,10538
2091,-1
2092,-1
2093,10539
2094,10540
2095,10541
2096,-1
2097,-1
2098,10542
2099,10543
2100,10544
2101,-1
2102,-1
2103,10545
2104,10546
2105,10547
2106,-1
2107,-1
2108,10548
2109,10549
2110,10550
2111,-1
2112,10985
2113,-1
2114,-1
2115,10986
2116,10987
2117,10988
2118,-1
2119,-1
2120,10989
2121,10990
2122,10991
2123,-1
2124,-1
2125,10992
2126,10993
2127,10994
2128,-1
2129,-1
2130,10995
2131,10996
2132,10997
2133,-1
2134,-1
2135,10998
2136,10999
2137,11000
2138,-1
2139,-1
2140,11001
2141,11002
2142,11003
2143,-1
2144,11252
2145,-1
2146,-1
2147,11253
2148,11254
2149,11255
2150,-1
2151,-1
2152,11256
2153,11257
2154,11258
2155,-1
2156,-1
2157,11259
2158,11260
2159,11261
2160,-1
2161,-1
2162,11262
2163,11263
2164,11264
2165,-1
2166,-1
2167,11265
2168,11266
2169,11267
2170,-1
2171,-1
2172,11268
2173,11269
2174,11270
2175,-1
2176,11540
2177,-1
2178,-1
2179,11541
2180,11542
2181,11543
2182,-1
2183,-1
2184,11544
2185,11545
2186,11546
2187,-1
2188,-1
2189,11547
2190,11548
2191,11549
2192,-1
2193,-1
2194,11550
2195,11551
2196,11552
2197,-1
2198,-1
2199,11553
2200,11554
2201,11555
2202,-1
2203,-1
2204,11556
2205,11557
2206,11558
2207,-1
2208,11837
2209,-1
2210,-1
2211,11838
2212,11839
2213,11840
2214,-1
2215,-1
2216,11841
2217,11842
2218,11843
2219,-1
2220,-1
2221,11844
2222,11845
2223,11846
2224,-1
2225,-1
2226,11847
2227,11848
2228,11849
2229,-1
2230,-1
2231,11850
2232,11851
2233,11852
2234,-1
2235,-1
2236,11853
2237,11854
2238,11855
2239,-1
2240,12260
2241,-1
2242,-1
2243,12261
2244,12262
2245,12263
2246,-1
2247,-1
2248,12264
2249,12265
2250,12266
2251,-1
2252,-1
2253,12267
2254,12268
2255,12269
2256,-1
2257,-1
2258,12270
2259,12271
2260,12272
2261,-1
2262,-1
2263,12273
2264,12274
2265,12275
2266,-1
2267,-1
2268,12276
2269,12277
2270,12278
2271,-1
2272,12620
2273,-1
2274,-1
2275,12621
2276,12622
2277,12623
2278,-1
2279,-1
2280,12624
2281,12625
2282,12626
2283,-1
2284,-1
2285,12627
2286,12628
2287,12629
2288,-1
2289,-1
2290,12630
2291,12631
2292,12632
2293,-1
2294,-1
2295,12633
2296,12634
2297,12635
2298,-1
2299,-1
2300,12636
2301,12637
2302,12638
2303,-1
2304,-1
2305,336
2306,337
2307,338
2308,-1
2309,-1
2310,339
2311,340
2312,341
2313,-1
2314,-1
2315,342
2316,343
2317,344
2318,-1
2319,-1
2320,345
2321,346
2322,347
2323,-1
2324,-1
2325,348
2326,349
2327,350
2328,-1
2329,-1
2330,351
2331,352
2332,353
2333,-1
2334,-1
2335,354
2336,-1
2337,669
2338,670
2339,671
2340,-1
2341,-1
2342,672
2343,673
2344,674
2345,-1
2346,-1
2347,675
2348,676
2349,677
2350,-1
2351,-1
2352,678
2353,679
2354,680
2355,-1
2356,-1
2357,681
2358,682
2359,683
2360,-1
2361,-1
2362,684
2363,685
2364,686
2365,-1
2366,-1
2367,687
2368,-1
2369,1053
2370,1054
2371,1055
2372,-1
2373,-1
2374,1056
2375,1057
2376,1058
2377,-1
2378,-1
2379,1059
2380,1060
2381,1061
2382,-1
2383,-1
2384,1062
2385,1063
2386,1064
2387,-1
2388,-1
2389,1065
2390,1066
2391,1067
2392,-1
2393,-1
2394,1068
2395,1069
2396,1070
2397,-1
2398,-1
2399,1071
2400,-1
2401,1383
2402,1384
2403,1385
2404,-1
2405,-1
2406,1386
2407,1387
2408,1388
2409,-1
2410,-1
2411,1389
2412,1390
2413,1391
2414,-1
2415,-1
2416,1392
2417,1393
2418,1394
2419,-1
2420,-1
2421,1395
2422,1396
2423,1397
2424,-1
2425,-1
2426,1398
2427,1399
2428,1400
2429,-1
2430,-1
2431,1401
2432,-1
2433,1773
2434,1774
2435,1775
2436,-1
2437,-1
2438,1776
2439,1777
2440,1778
2441,-1
2442,-1
2443,1779
2444,1780
2445,1781
2446,-1
2447,-1
2448,1782
2449,1783
2450,1784
2451,-1
2452,-1
2453,1785
2454,1786
2455,1787
2456,-1
2457,-1
2458,1788
2459,1789
2460,1790
2461,-1
2462,-1
2463,1791
2464,-1
2465,2094
2466,2095
2467,2096
2468,-1
2469,-1
2470,2097
2471,2098
2472,2099
2473,-1
2474,-1
2475,2100
2476,2101
2477,2102
2478,-1
2479,-1
2480,2103
2481,2104
2482,2105
2483,-1
2484,-1
2485,2106
2486,2107
2487,2108
2488,-1
2489,-1
2490,2109
2491,2110
2492,2111
2493,-1
2494,-1
2495,1440
2496,-1
2497,2493
2498,2494
2499,2495
2500,-1
2501,-1
2502,2496
2503,2497
2504,2498
2505,-1
2506,-1
2507,2499
2508,2500
2509,2501
2510,-1
2511,-1
2512,2502
2513,2503
2514,2504
2515,-1
2516,-1
2517,2505
2518,2506
2519,2507
2520,-1
2521,-1
2522,2508
2523,2509
2524,2510
2525,-1
2526,-1
2527,2511
2528,-1
2529,2814
2530,2815
2531,2816
2532,-1
2533,-1
2534,2817
2535,2818
2536,2819
2537,-1
2538,-1
2539,2820
2540,2821
2541,2822
2542,-1
2543,-1
2544,2823
2545,2824
2546,2825
2547,-1
2548,-1
2549,2826
2550,2827
2551,2828
2552,-1
2553,-1
2554,2829
2555,2830
2556,2831
2557,-1
2558,-1
2559,2160
2560,-1
2561,3147
2562,3148
2563,3149
2564,-1
2565,-1
2566,3150
2567,3151
2568,3152
2569,-1
2570,-1
2571,3153
2572,3154
2573,3155
2574,-1
2575,-1
2576,3156
2577,3157
2578,3158
2579,-1
2580,-1
2581,3159
2582,3160
2583,3161
2584,-1
2585,-1
2586,3162
2587,3163
2588,3164
2589,-1
2590,-1
2591,3165
2592,-1
2593,3456
2594,3457
2595,3458
2596,-1
2597,-1
2598,3459
2599,3460
2600,3461
2601,-1
2602,-1
2603,3462
2604,3463
2605,3464
2606,-1
2607,-1
2608,3465
2609,3466
2610,3467
2611,-1
2612,-1
2613,3468
2614,3469
2615,3470
2616,-1
2617,-1
2618,3471
2619,3472
2620,3473
2621,-1
2622,-1
2623,3474
2624,-1
2625,3870
2626,3871
2627,3872
2628,-1
2629,-1
2630,3873
2631,3874
2632,3875
2633,-1
2634,-1
2635,3876
2636,3877
2637,3878
2638,-1
2639,-1
2640,3879
2641,3880
2642,3881
2643,-1
2644,-1
2645,3882
2646,3883
2647,3884
2648,-1
2649,-1
2650,3885
2651,3886
2652,3887
2653,-1
2654,-1
2655,3888
2656,-1
2657,4173
2658,4174
2659,4175
2660,-1
2661,-1
2662,4176
2663,4177
2664,4178
2665,-1
2666,-1
2667,4179
2668,4180
2669,4181
2670,-1
2671,-1
2672,4182
2673,4183
2674,4184
2675,-1
2676,-1
2677,4185
2678,4186
2679,4187
2680,-1
2681,-1
2682,4188
2683,4189
2684,4190
2685,-1
2686,-1
2687,4191
2688,-1
2689,4590
2690,4591
2691,4592
2692,-1
2693,-1
2694,4593
2695,4594
2696,4595
2697,-1
2698,-1
2699,4596
2700,4597
2701,4598
2702,-1
2703,-1
2704,4599
2705,4600
2706,4601
2707,-1
2708,-1
2709,4602
2710,4603
2711,4604
2712,-1
2713,-1
2714,4605
2715,4606
2716,4607
2717,-1
2718,-1
2719,4608
2720,-1
2721,4890
2722,4891
2723,4892
2724,-1
2725,-1
2726,4893
2727,4894
2728,4895
2729,-1
2730,-1
2731,4896
2732,4897
2733,4898
2734,-1
2735,-1
2736,4899
2737,4900
2738,4901
2739,-1
2740,-1
2741,4902
2742,4903
2743,4904
2744,-1
2745,-1
2746,4905
2747,4906
2748,4907
2749,-1
2750,-1
2751,4908
2752,-1
2753,5310
2754,5311
2755,5312
2756,-1
2757,-1
2758,5313
2759,5314
2760,5315
2761,-1
2762,-1
2763,5316
2764,5317
2765,5318
2766,-1
2767,-1
2768,5319
2769,5320
2770,5321
2771,-1
2772,-1
2773,5322
2774,5323
2775,5324
2776,-1
2777,-1
2778,5325
2779,5326
2780,5327
2781,-1
2782,-1
2783,5328
2784,-1
2785,5604
2786,5605
2787,5606
2788,-1
2789,-1
2790,5607
2791,5608
2792,5609
2793,-1
2794,-1
2795,5610
2796,5611
2797,5612
2798,-1
2799,-1
2800,5613
2801,5614
2802,5615
2803,-1
2804,-1
2805,5616
2806,5617
2807,5618
2808,-1
2809,-1
2810,5619
2811,5620
2812,5621
2813,-1
2814,-1
2815,5622
2816,-1
2817,5883
2818,5884
2819,5885
2820,-1
2821,-1
2822,5886
2823,5887
2824,5888
2825,-1
2826,-1
2827,5889
2828,5890
2829,5891
2830,-1
2831,-1
2832,5892
2833,5893
2834,5894
2835,-1
2836,-1
2837,5895
2838,5896
2839,5897
2840,-1
2841,-1
2842,5898
2843,5899
2844,5900
2845,-1
2846,-1
2847,5901
2848,-1
2849,6174
2850,6175
2851,6176
2852,-1
2853,-1
2854,6177
2855,6178
2856,6179
2857,-1
2858,-1
2859,6180
2860,6181
2861,6182
2862,-1
2863,-1
2864,6183
2865,6184
2866,6185
2867,-1
2868,-1
2869,6186
2870,6187
2871,6188
2872,-1
2873,-1
2874,6189
2875,6190
2876,6191
2877,-1
2878,-1
2879,6192
2880,-1
2881,6600
2882,6601
2883,6602
2884,-1
2885,-1
2886,6603
2887,6604
2888,6605
2889,-1
2890,-1
2891,6606
2892,6607
2893,6608
2894,-1
2895,-1
2896,6609
2897,6610
2898,6611
2899,-1
2900,-1
2901,6612
2902,6613
2903,6614
2904,-1
2905,-1
2906,6615
2907,6616
2908,6617
2909,-1
2910,-1
2911,6618
2912,-1
2913,6891
2914,6892
2915,6893
2916,-1
2917,-1
2918,6894
2919,6895
2920,6896
2921,-1
2922,-1
2923,6897
2924,6898
2925,6899
2926,-1
2927,-1
2928,6900
2929,6901
2930,6902
2931,-1
2932,-1
2933,6903
2934,6904
2935,6905
2936,-1
2937,-1
2938,6906
2939,6907
2940,6908
2941,-1
2942,-1
2943,6909
2944,-1
2945,7320
2946,7321
2947,7322
2948,-1
2949,-1
2950,7323
2951,7324
2952,7325
2953,-1
2954,-1
2955,7326
2956,7327
2957,7328
2958,-1
2959,-1
2960,7329
2961,7330
2962,7331
2963,-1
2964,-1
2965,7332
2966,7333
2967,7334
2968,-1
2969,-1
2970,7335
2971,7336
2972,7337
2973,-1
2974,-1
2975,7338
2976,-1
2977,7608
2978,7609
2979,7610
2980,-1
2981,-1
2982,7611
2983,7612
2984,7613
2985,-1
2986,-1
2987,7614
2988,7615
2989,7616
2990,-1
2991,-1
2992,7617
2993,7618
2994,7619
2995,-1
2996,-1
2997,7620
2998,7621
2999,7622
3000,-1
3001,-1
3002,7623
3003,7624
3004,7625
3005,-1
3006,-1
3007,7626
3008,-1
3009,8040
3010,8041
3011,8042
3012,-1
3013,-1
3014,8043
3015,8044
3016,8045
3017,-1
3018,-1
3019,8046
3020,8047
3021,8048
3022,-1
3023,-1
3024,8049
3025,8050
3026,8051
3027,-1
3028,-1
3029,8052
3030,8053
3031,8054
3032,-1
3033,-1
3034,8055
3035,8056
3036,8057
3037,-1
3038,-1
3039,8058
3040,-1
3041,8328
3042,8329
3043,8330
3044,-1
3045,-1
3046,8331
3047,8332
3048,8333
3049,-1
3050,-1
3051,8334
3052,8335
3053,8336
3054,-1
3055,-1
3056,8337
3057,8338
3058,8339
3059,-1
3060,-1
3061,8340
3062,8341
3063,8342
3064,-1
3065,-1
3066,8343
3067,8344
3068,8345
3069,-1
3070,-1
3071,8346
3072,-1
3073,8847
3074,8848
3075,8849
3076,-1
3077,-1
3078,8850
3079,8851
3080,8852
3081,-1
3082,-1
3083,8853
3084,8854
3085,8855
3086,-1
3087,-1
3088,8856
3089,8857
3090,8858
3091,-1
3092,-1
3093,8859
3094,8860
3095,8861
3096,-1
3097,-1
3098,8862
3099,8863
3100,8864
3101,-1
3102,-1
3103,8865
3104,-1
3105,9117
3106,9118
3107,9119
3108,-1
3109,-1
3110,9120
3111,9121
3112,9122
3113,-1
3114,-1
3115,9123
3116,9124
3117,9125
3118,-1
3119,-1
3120,9126
3121,9127
3122,9128
3123,-1
3124,-1
3125,9129
3126,9130
3127,9131
3128,-1
3129,-1
3130,9132
3131,9133
3132,9134
3133,-1
3134,-1
3135,9135
3136,-1
3137,9564
3138,9565
3139,9566
3140,-1
3141,-1
3142,9567
3143,9568
3144,9569
3145,-1
3146,-1
3147,9570
3148,9571
3149,9572
3150,-1
3151,-1
3152,9573
3153,9574
3154,9575
3155,-1
3156,-1
3157,9576
3158,9577
3159,9578
3160,-1
3161,-1
3162,9579
3163,9580
3164,9581
3165,-1
3166,-1
3167,9582
3168,-1
3169,9834
3170,9835
3171,9836
3172,-1
3173,-1
3174,9837
3175,9838
3176,9839
3177,-1
3178,-1
3179,9840
3180,9841
3181,9842
3182,-1
3183,-1
3184,9843
3185,9844
3186,9845
3187,-1
3188,-1
3189,9846
3190,9847
3191,9848
3192,-1
3193,-1
3194,9849
3195,9850
3196,9851
3197,-1
3198,-1
3199,9852
3200,-1
3201,10284
3202,10285
3203,10286
3204,-1
3205,-1
3206,10287
3207,10288
3208,10289
3209,-1
3210,-1
3211,10290
3212,10291
3213,10292
3214,-1
3215,-1
3216,10293
3217,10294
3218,10295
3219,-1
3220,-1
3221,10296
3222,10297
3223,10298
3224,-1
3225,-1
3226,10299
3227,10300
3228,10301
3229,-1
3230,-1
3231,10302
3232,-1
3233,10551
3234,10552
3235,10553
3236,-1
3237,-1
3238,10554
3239,10555
3240,10556
3241,-1
3242,-1
3243,10557
3244,10558
3245,10559
3246,-1
3247,-1
3248,10560
3249,10561
3250,10562
3251,-1
3252,-1
3253,10563
3254,10564
3255,10565
3256,-1
3257,-1
3258,10566
3259,10567
3260,10568
3261,-1
3262,-1
3263,10569
3264,-1
3265,11004
3266,11005
3267,11006
3268,-1
3269,-1
3270,11007
3271,11008
3272,11009
3273,-1
3274,-1
3275,11010
3276,11011
3277,11012
3278,-1
3279,-1
3280,11013
3281,11014
3282,11015
3283,-1
3284,-1
3285,11016
3286,11017
3287,11018
3288,-1
3289,-1
3290,11019
3291,11020
3292,11021
3293,-1
3294,-1
3295,11022
3296,-1
3297,11271
3298,11272
3299,11273
3300,-1
3301,-1
3302,11274
3303,11275
3304,11276
3305,-1
3306,-1
3307,11277
3308,11278
3309,11279
3310,-1
3311,-1
3312,11280
3313,11281
3314,11282
3315,-1
3316,-1
3317,11283
3318,11284
3319,11285
3320,-1
3321,-1
3322,11286
3323,11287
3324,11288
3325,-1
3326,-1
3327,11289
3328,-1
3329,11559
3330,11560
3331,11561
3332,-1
3333,-1
3334,11562
3335,11563
3336,11564
3337,-1
3338,-1
3339,11565
3340,11566
3341,11567
3342,-1
3343,-1
3344,11568
3345,11569
3346,11570
3347,-1
3348,-1
3349,11571
3350,11572
3351,11573
3352,-1
3353,-1
3354,11574
3355,11575
3356,11576
3357,-1
3358,-1
3359,11577
3360,-1
3361,11856
3362,11857
3363,11858
3364,-1
3365,-1
3366,11859
3367,11860
3368,11861
3369,-1
3370,-1
3371,11862
3372,11863
3373,11864
3374,-1
3375,-1
3376,11865
3377,11866
3378,11867
3379,-1
3380,-1
3381,11868
3382,11869
3383,11870
3384,-1
3385,-1
3386,11871
3387,11872
3388,11873
3389,-1
3390,-1
3391,11874
3392,-1
3393,12279
3394,12280
3395,12281
3396,-1
3397,-1
3398,12282
3399,12283
3400,12284
3401,-1
3402,-1
3403,12285
3404,12286
3405,12287
3406,-1
3407,-1
3408,12288
3409,12289
3410,12290
3411,-1
3412,-1
3413,12291
3414,12292
3415,12293
3416,-1
3417,-1
3418,12294
3419,12295
3420,12296
3421,-1
3422,-1
3423,12297
3424,-1
3425,12639
3426,12640
3427,12641
3428,-1
3429,-1
3430,12642
3431,12643
3432,12644
3433,-1
3434,-1
3435,12645
3436,12646
3437,12647
3438,-1
3439,-1
3440,12648
3441,12649
3442,12650
3443,-1
3444,-1
3445,12651
3446,12652
3447,12653
3448,-1
3449,-1
3450,12654
3451,12655
3452,12656
3453,-1
3454,-1
3455,12657
3456,355
3457,356
3458,-1
3459,-1
3460,357
3461,358
3462,359
3463,-1
3464,-1
3465,360
3466,361
3467,362
3468,-1
3469,-1
3470,363
3471,364
3472,365
3473,-1
3474,-1
3475,366
3476,367
3477,368
3478,-1
3479,-1
3480,369
3481,370
3482,371
3483,-1
3484,-1
3485,372
3486,373
3487,374
3488,688
3489,689
3490,-1
3491,-1
3492,690
3493,691
3494,692
3495,-1
3496,-1
3497,0
3498,1
3499,2
3500,-1
3501,-1
3502,3
3503,4
3504,5
3505,-1
3506,-1
3507,6
3508,7
3509,8
3510,-1
3511,-1
3512,9
3513,10
3514,11
3515,-1
3516,-1
3517,12
3518,13
3519,14
3520,1072
3521,1073
3522,-1
3523,-1
3524,1074
3525,1075
3526,1076
3527,-1
3528,-1
3529,1077
3530,1078
3531,1079
3532,-1
3533,-1
3534,1080
3535,1081
3536,1082
3537,-1
3538,-1
3539,1083
3540,1084
3541,1085
3542,-1
3543,-1
3544,1086
3545,1087
3546,1088
3547,-1
3548,-1
3549,1089
3550,1090
3551,1091
3552,1402
3553,1403
3554,-1
3555,-1
3556,720
3557,721
3558,722
3559,-1
3560,-1
3561,723
3562,724
3563,725
3564,-1
3565,-1
3566,726
3567,727
3568,728
3569,-1
3570,-1
3571,729
3572,730
3573,731
3574,-1
3575,-1
3576,732
3577,733
3578,734
3579,-1
3580,-1
3581,735
3582,736
3583,737
3584,1792
3585,1793
3586,-1
3587,-1
3588,1794
3589,1795
3590,1796
3591,-1
3592,-1
3593,1797
3594,1798
3595,1799
3596,-1
3597,-1
3598,1800
3599,1801
3600,1802
3601,-1
3602,-1
3603,1803
3604,1804
3605,1805
3606,-1
3607,-1
3608,1806
3609,1807
3610,1808
3611,-1
3612,-1
3613,1809
3614,1810
3615,1811
3616,1441
3617,1442
3618,-1
3619,-1
3620,1443
3621,1444
3622,1445
3623,-1
3624,-1
3625,1446
3626,1447
3627,1448
3628,-1
3629,-1
3630,1449
3631,1450
3632,1451
3633,-1
3634,-1
3635,1452
3636,1453
3637,1454
3638,-1
3639,-1
3640,1455
3641,1456
3642,1457
3643,-1
3644,-1
3645,1458
3646,1459
3647,1460
3648,2512
3649,2513
3650,-1
3651,-1
3652,2514
3653,2515
3654,2516
3655,-1
3656,-1
3657,2517
3658,2518
3659,2519
3660,-1
3661,-1
3662,2520
3663,2521
3664,2522
3665,-1
3666,-1
3667,2523
3668,2524
3669,2525
3670,-1
3671,-1
3672,2526
3673,2527
3674,2528
3675,-1
3676,-1
3677,2529
3678,2530
3679,2531
3680,2161
3681,2162
3682,-1
3683,-1
3684,2163
3685,2164
3686,2165
3687,-1
3688,-1
3689,2166
3690,2167
3691,2168
3692,-1
3693,-1
3694,2169
3695,2170
3696,2171
3697,-1
3698,-1
3699,2172
3700,2173
3701,2174
3702,-1
3703,-1
3704,2175
3705,2176
3706,2177
3707,-1
3708,-1
3709,2178
3710,2179
3711,2180
3712,3166
3713,3167
3714,-1
3715,-1
3716,3168
3717,3169
3718,3170
3719,-1
3720,-1
3721,3171
3722,3172
3723,3173
3724,-1
3725,-1
3726,3174
3727,3175
3728,3176
3729,-1
3730,-1
3731,3177
3732,3178
3733,3179
3734,-1
3735,-1
3736,3180
3737,3181
3738,3182
3739,-1
3740,-1
3741,3183
3742,3184
3743,3185
3744,3475
3745,3476
3746,-1
3747,-1
3748,3477
3749,3478
3750,3479
3751,-1
3752,-1
3753,3480
3754,3481
3755,3482
3756,-1
3757,-1
3758,3483
3759,3484
3760,3485
3761,-1
3762,-1
3763,3486
3764,3487
3765,3488
3766,-1
3767,-1
3768,3489
3769,3490
3770,3491
3771,-1
3772,-1
3773,3492
3774,3493
3775,3494
3776,3889
3777,3890
3778,-1
3779,-1
3780,3891
3781,3892
3782,3893
3783,-1
3784,-1
3785,3894
3786,3895
3787,3896
3788,-1
3789,-1
3790,3897
3791,3898
3792,3899
3793,-1
3794,-1
3795,3900
3796,3901
3797,3902
3798,-1
3799,-1
3800,3903
3801,3904
3802,3905
3803,-1
3804,-1
3805,3906
3806,3907
3807,3908
3808,4192
3809,4193
3810,-1
3811,-1
3812,4194
3813,4195
3814,4196
3815,-1
3816,-1
3817,4197
3818,4198
3819,4199
3820,-1
3821,-1
3822,4200
3823,4201
3824,4202
3825,-1
3826,-1
3827,4203
3828,4204
3829,4205
3830,-1
3831,-1
3832,4206
3833,4207
3834,4208
3835,-1
3836,-1
3837,4209
3838,4210
3839,4211
3840,4609
3841,4610
3842,-1
3843,-1
3844,4611
3845,4612
3846,4613
3847,-1
3848,-1
3849,4614
3850,4615
3851,4616
3852,-1
3853,-1
3854,4617
3855,4618
3856,4619
3857,-1
3858,-1
3859,4620
3860,4621
3861,4622
3862,-1
3863,-1
3864,4623
3865,4624
3866,4625
3867,-1
3868,-1
3869,4626
3870,4627
3871,4628
3872,4909
3873,4910
3874,-1
3875,-1
3876,4911
3877,4912
3878,4913
3879,-1
3880,-1
3881,4914
3882,4915
3883,4916
3884,-1
3885,-1
3886,4917
3887,4918
3888,4919
3889,-1
3890,-1
3891,4920
3892,4921
3893,4922
3894,-1
3895,-1
3896,4923
3897,4924
3898,4925
3899,-1
3900,-1
3901,4926
3902,4927
3903,4928
3904,5329
3905,5330
3906,-1
3907,-1
3908,5331
3909,5332
3910,5333
3911,-1
3912,-1
3913,5334
3914,5335
3915,5336
3916,-1
3917,-1
3918,5337
3919,5338
3920,5339
3921,-1
3922,-1
3923,5340
3924,5341
3925,5342
3926,-1
3927,-1
3928,5343
3929,5344
3930,5345
3931,-1
3932,-1
3933,5346
3934,5347
3935,5348
3936,5623
3937,5624
3938,-1
3939,-1
3940,5625
3941,5626
3942,5627
3943,-1
3944,-1
3945,5628
3946,5629
3947,5630
3948,-1
3949,-1
3950,5631
3951,5632
3952,5633
3953,-1
3954,-1
3955,5634
3956,5635
3957,5636
3958,-1
3959,-1
3960,5637
3961,5638
3962,5639
3963,-1
3964,-1
3965,5640
3966,5641
3967,5642
3968,5902
3969,5903
3970,-1
3971,-1
3972,5904
3973,5905
3974,5906
3975,-1
3976,-1
3977,5907
3978,5908
3979,5909
3980,-1
3981,-1
3982,5910
3983,5911
3984,5912
3985,-1
3986,-1
3987,5913
3988,5914
3989,5915
3990,-1
3991,-1
3992,5916
3993,5917
3994,5918
3995,-1
3996,-1
3997,5919
3998,5920
3999,5921
4000,6193
4001,6194
4002,-1
4003,-1
4004,6195
4005,6196
4006,6197
4007,-1
4008,-1
4009,6198
4010,6199
4011,6200
4012,-1
4013,-1
4014,6201
4015,6202
4016,6203
4017,-1
4018,-1
4019,6204
4020,6205
4021,6206
4022,-1
4023,-1
4024,6207
4025,6208
4026,6209
4027,-1
4028,-1
4029,6210
4030,6211
4031,6212
4032,6619
4033,6620
4034,-1
4035,-1
4036,6621
4037,6622
4038,6623
4039,-1
4040,-1
4041,6624
4042,6625
4043,6626
4044,-1
4045,-1
4046,6627
4047,6628
4048,6629
4049,-1
4050,-1
4051,6630
4052,6631
4053,6632
4054,-1
4055,-1
4056,6633
4057,6634
4058,6635
4059,-1
4060,-1
4061,6636
4062,6637
4063,6638
4064,6910
4065,6911
4066,-1
4067,-1
4068,6912
4069,6913
4070,6914
4071,-1
4072,-1
4073,6915
4074,6916
4075,6917
4076,-1
4077,-1
4078,6918
4079,6919
4080,6920
4081,-1
4082,-1
4083,6921
4084,6922
4085,6923
4086,-1
4087,-1
4088,6924
4089,6925
4090,6926
4091,-1
4092,-1
4093,6927
4094,6928
4095,6929
4096,7339
4097,7340
4098,-1
4099,-1
4100,7341
4101,7342
4102,7343
4103,-1
4104,-1
4105,7344
4106,7345
4107,7346
4108,-1
4109,-1
4110,7347
4111,7348
4112,7349
4113,-1
4114,-1
4115,7350
4116,7351
4117,7352
4118,-1
4119,-1
4120,7353
4121,7354
4122,7355
4123,-1
4124,-1
4125,7356
4126,7357
4127,7358
4128,7627
4129,7628
4130,-1
4131,-1
4132,7629
4133,7630
4134,7631
4135,-1
4136,-1
4137,7632
4138,7633
4139,7634
4140,-1
4141,-1
4142,7635
4143,7636
4144,7637
4145,-1
4146,-1
4147,7638
4148,7639
4149,7640
4150,-1
4151,-1
4152,7641
4153,7642
4154,7643
4155,-1
4156,-1
4157,7644
4158,7645
4159,7646
4160,8059
4161,8060
4162,-1
4163,-1
4164,8061
4165,8062
4166,8063
4167,-1
4168,-1
4169,8064
4170,8065
4171,8066
4172,-1
4173,-1
4174,8067
4175,8068
4176,8069
4177,-1
4178,-1
4179,8070
4180,8071
4181,8072
4182,-1
4183,-1
4184,8073
4185,8074
4186,8075
4187,-1
4188,-1
4189,8076
4190,8077
4191,8078
4192,8347
4193,8348
4194,-1
4195,-1
4196,8349
4197,8350
4198,8351
4199,-1
4200,-1
4201,8352
4202,8353
4203,8354
4204,-1
4205,-1
4206,8355
4207,8356
4208,8357
4209,-1
4210,-1
4211,8358
4212,8359
4213,8360
4214,-1
4215,-1
4216,8361
4217,8362
4218,8363
4219,-1
4220,-1
4221,8364
4222,8365
4223,8366
4224,8866
4225,8867
4226,-1
4227,-1
4228,8868
4229,8869
4230,8870
4231,-1
4232,-1
4233,8871
4234,8872
4235,8873
4236,-1
4237,-1
4238,8874
4239,8875
4240,8876
4241,-1
4242,-1
4243,8877
4244,8878
4245,8879
4246,-1
4247,-1
4248,8880
4249,8881
4250,8882
4251,-1
4252,-1
4253,8883
4254,8884
4255,8885
4256,9136
4257,9137
4258,-1
4259,-1
4260,9138
4261,9139
4262,9140
4263,-1
4264,-1
4265,9141
4266,9142
4267,9143
4268,-1
4269,-1
4270,9144
4271,9145
4272,9146
4273,-1
4274,-1
4275,9147
4276,9148
4277,9149
4278,-1
4279,-1
4280,9150
4281,9151
4282,9152
4283,-1
4284,-1
4285,9153
4286,9154
4287,9155
4288,9583
4289,9584
4290,-1
4291,-1
4292,9585
4293,9586
4294,9587
4295,-1
4296,-1
4297,9588
4298,9589
4299,9590
4300,-1
4301,-1
4302,9591
4303,9592
4304,9593
4305,-1
4306,-1
4307,9594
4308,9595
4309,9596
4310,-1
4311,-1
4312,9597
4313,9598
4314,9599
4315,-1
4316,-1
4317,9600
4318,9601
4319,9602
4320,9853
4321,9854
4322,-1
4323,-1
4324,9855
4325,9856
4326,9857
4327,-1
4328,-1
4329,9858
4330,9859
4331,9860
4332,-1
4333,-1
4334,9861
4335,9862
4336,9863
4337,-1
4338,-1
4339,9864
4340,9865
4341,9866
4342,-1
4343,-1
4344,9867
4345,9868
4346,9869
4347,-1
4348,-1
4349,9870
4350,9871
4351,9872
4352,10303
4353,10304
4354,-1
4355,-1
4356,10305
4357,10306
4358,10307
4359,-1
4360,-1
4361,10308
4362,10309
4363,10310
4364,-1
4365,-1
4366,10311
4367,10312
4368,10313
4369,-1
4370,-1
4371,10314
4372,10315
4373,10316
4374,-1
4375,-1
4376,10317
4377,10318
4378,10319
4379,-1
4380,-1
4381,10320
4382,10321
4383,10322
4384,10570
4385,10571
4386,-1
4387,-1
4388,10572
4389,10573
4390,10574
4391,-1
4392,-1
4393,10575
4394,10576
4395,10577
4396,-1
4397,-1
4398,10578
4399,10579
4400,10580
4401,-1
4402,-1
4403,10581
4404,10582
4405,10583
4406,-1
4407,-1
4408,10584
4409,10585
4410,10586
4411,-1
4412,-1
4413,10587
4414,10588
4415,10589
4416,11023
4417,11024
4418,-1
4419,-1
4420,11025
4421,11026
4422,11027
4423,-1
4424,-1
4425,11028
4426,11029
4427,11030
4428,-1
4429,-1
4430,11031
4431,11032
4432,11033
4433,-1
4434,-1
4435,11034
4436,11035
4437,11036
4438,-1
4439,-1
4440,11037
4441,11038
4442,11039
4443,-1
4444,-1
4445,11040
4446,11041
4447,11042
4448,11290
4449,11291
4450,-1
4451,-1
4452,11292
4453,11293
4454,11294
4455,-1
4456,-1
4457,11295
4458,11296
4459,11297
4460,-1
4461,-1
4462,11298
4463,11299
4464,11300
4465,-1
4466,-1
4467,11301
4468,11302
4469,11303
4470,-1
4471,-1
4472,11304
4473,11305
4474,11306
4475,-1
4476,-1
4477,11307
4478,11308
4479,11309
4480,11578
4481,11579
4482,-1
4483,-1
4484,11580
4485,11581
4486,11582
4487,-1
4488,-1
4489,11583
4490,11584
4491,11585
4492,-1
4493,-1
4494,11586
4495,11587
4496,11588
4497,-1
4498,-1
4499,11589
4500,11590
4501,11591
4502,-1
4503,-1
4504,11592
4505,11593
4506,11594
4507,-1
4508,-1
4509,11595
4510,11596
4511,11597
4512,11875
4513,11876
4514,-1
4515,-1
4516,11877
4517,11878
4518,11879
4519,-1
4520,-1
4521,11880
4522,11881
4523,11882
4524,-1
4525,-1
4526,11883
4527,11884
4528,11885
4529,-1
4530,-1
4531,11886
4532,11887
4533,11888
4534,-1
4535,-1
4536,11889
4537,11890
4538,11891
4539,-1
4540,-1
4541,11892
4542,11893
4543,11894
4544,12298
4545,12299
4546,-1
4547,-1
4548,12300
4549,12301
4550,12302
4551,-1
4552,-1
4553,12303
4554,12304
4555,12305
4556,-1
4557,-1
4558,12306
4559,12307
4560,12308
4561,-1
4562,-1
4563,12309
4564,12310
4565,12311
4566,-1
4567,-1
4568,12312
4569,12313
4570,12314
4571,-1
4572,-1
4573,12315
4574,12316
4575,12317
4576,12658
4577,12659
4578,-1
4579,-1
4580,12660
4581,12661
4582,12662
4583,-1
4584,-1
4585,12663
4586,12664
4587,12665
4588,-1
4589,-1
4590,12666
4591,12667
4592,12668
4593,-1
4594,-1
4595,12669
4596,12670
4597,12671
4598,-1
4599,-1
4600,12672
4601,12673
4602,12674
4603,-1
4604,-1
4605,12675
4606,12676
4607,12677
4608,-1
4609,-1
4610,375
4611,376
4612,377
4613,-1
4614,-1
4615,378
4616,379
4617,380
4618,-1
4619,-1
4620,381
4621,382
4622,383
4623,-1
4624,-1
4625,384
4626,385
4627,386
4628,-1
4629,-1
4630,387
4631,388
4632,389
4633,-1
4634,-1
4635,390
4636,391
4637,392
4638,-1
4639,-1
4640,-1
4641,-1
4642,15
4643,16
4644,17
4645,-1
4646,-1
4647,18
4648,19
4649,20
4650,-1
4651,-1
4652,21
4653,22
4654,23
4655,-1
4656,-1
4657,24
4658,25
4659,26
4660,-1
4661,-1
4662,27
4663,28
4664,29
4665,-1
4666,-1
4667,30
4668,31
4669,32
4670,-1
4671,-1
4672,-1
4673,-1
4674,1092
4675,1093
4676,1094
4677,-1
4678,-1
4679,1095
4680,1096
4681,1097
4682,-1
4683,-1
4684,1098
4685,1099
4686,1100
4687,-1
4688,-1
4689,1101
4690,1102
4691,1103
4692,-1
4693,-1
4694,1104
4695,1105
4696,1106
4697,-1
4698,-1
4699,1107
4700,1108
4701,1109
4702,-1
4703,-1
4704,-1
4705,-1
4706,738
4707,739
4708,740
4709,-1
4710,-1
4711,741
4712,742
4713,743
4714,-1
4715,-1
4716,744
4717,745
4718,746
4719,-1
4720,-1
4721,747
4722,748
4723,749
4724,-1
4725,-1
4726,750
4727,751
4728,752
4729,-1
4730,-1
4731,753
4732,754
4733,755
4734,-1
4735,-1
4736,-1
4737,-1
4738,1812
4739,1813
4740,1814
4741,-1
4742,-1
4743,1815
4744,1816
4745,1817
4746,-1
4747,-1
4748,1818
4749,1819
4750,1820
4751,-1
4752,-1
4753,1821
4754,1822
4755,1823
4756,-1
4757,-1
4758,1824
4759,1825
4760,1826
4761,-1
4762,-1
4763,1827
4764,1828
4765,1829
4766,-1
4767,-1
4768,-1
4769,-1
4770,1461
4771,1462
4772,1463
4773,-1
4774,-1
4775,1464
4776,1465
4777,1466
4778,-1
4779,-1
4780,1467
4781,1468
4782,1469
4783,-1
4784,-1
4785,1470
4786,1471
4787,1472
4788,-1
4789,-1
4790,1473
4791,1474
4792,1475
4793,-1
4794,-1
4795,1476
4796,1477
4797,1478
4798,-1
4799,-1
4800,-1
4801,-1
4802,2532
4803,2533
4804,2534
4805,-1
4806,-1
4807,2535
4808,2536
4809,2537
4810,-1
4811,-1
4812,2538
4813,2539
4814,2540
4815,-1
4816,-1
4817,2541
4818,2542
4819,2543
4820,-1
4821,-1
4822,2544
4823,2545
4824,2546
4825,-1
4826,-1
4827,2547
4828,2548
4829,2549
4830,-1
4831,-1
4832,-1
4833,-1
4834,2181
4835,2182
4836,2183
4837,-1
4838,-1
4839,2184
4840,2185
4841,2186
4842,-1
4843,-1
4844,2187
4845,2188
4846,2189
4847,-1
4848,-1
4849,2190
4850,2191
4851,2192
4852,-1
4853,-1
4854,2193
4855,2194
4856,2195
4857,-1
4858,-1
4859,2196
4860,2197
4861,2198
4862,-1
4863,-1
4864,-1
4865,-1
4866,3186
4867,3187
4868,3188
4869,-1
4870,-1
4871,3189
4872,3190
4873,3191
4874,-1
4875,-1
4876,3192
4877,3193
4878,3194
4879,-1
4880,-1
4881,3195
4882,3196
4883,3197
4884,-1
4885,-1
4886,3198
4887,3199
4888,3200
4889,-1
4890,-1
4891,3201
4892,3202
4893,3203
4894,-1
4895,-1
4896,-1
4897,-1
4898,3495
4899,3496
4900,3497
4901,-1
4902,-1
4903,3498
4904,3499
4905,3500
4906,-1
4907,-1
4908,3501
4909,3502
4910,3503
4911,-1
4912,-1
4913,3504
4914,3505
4915,3506
4916,-1
4917,-1
4918,3507
4919,3508
4920,3509
4921,-1
4922,-1
4923,3510
4924,3511
4925,3512
4926,-1
4927,-1
4928,-1
4929,-1
4930,3909
4931,3910
4932,3911
4933,-1
4934,-1
4935,3912
4936,3913
4937,3914
4938,-1
4939,-1
4940,3915
4941,3916
4942,3917
4943,-1
4944,-1
4945,3918
4946,3919
4947,3920
4948,-1
4949,-1
4950,3921
4951,3922
4952,3923
4953,-1
4954,-1
4955,3924
4956,3925
4957,3926
4958,-1
4959,-1
4960,-1
4961,-1
4962,4212
4963,4213
4964,4214
4965,-1
4966,-1
4967,4215
4968,4216
4969,4217
4970,-1
4971,-1
4972,4218
4973,4219
4974,4220
4975,-1
4976,-1
4977,4221
4978,4222
4979,4223
4980,-1
4981,-1
4982,4224
4983,4225
4984,4226
4985,-1
4986,-1
4987,4227
4988,4228
4989,4229
4990,-1
4991,-1
4992,-1
4993,-1
4994,4629
4995,4630
4996,4631
4997,-1
4998,-1
4999,4632
5000,4633
5001,4634
5002,-1
5003,-1
5004,4635
5005,4636
5006,4637
5007,-1
5008,-1
5009,4638
5010,4639
5011,4640
5012,-1
5013,-1
5014,4641
5015,4642
5016,4643
5017,-1
5018,-1
5019,4644
5020,4645
5021,4646
5022,-1
5023,-1
5024,-1
5025,-1
5026,4929
5027,4930
5028,4931
5029,-1
5030,-1
5031,4932
5032,4933
5033,4934
5034,-1
5035,-1
5036,4935
5037,4936
5038,4937
5039,-1
5040,-1
5041,4938
5042,4939
5043,4940
5044,-1
5045,-1
5046,4941
5047,4942
5048,4943
5049,-1
5050,-1
5051,4944
5052,4945
5053,4946
5054,-1
5055,-1
5056,-1
5057,-1
5058,5349
5059,5350
5060,5351
5061,-1
5062,-1
5063,5352
5064,5353
5065,5354
5066,-1
5067,-1
5068,5355
5069,5356
5070,5357
5071,-1
5072,-1
5073,5358
5074,5359
5075,5360
5076,-1
5077,-1
5078,5361
5079,5362
5080,5363
5081,-1
5082,-1
5083,5364
5084,5365
5085,5366
5086,-1
5087,-1
5088,-1
5089,-1
5090,5643
5091,5644
5092,5645
5093,-1
5094,-1
5095,5646
5096,5647
5097,5648
5098,-1
5099,-1
5100,5649
5101,5650
5102,5651
5103,-1
5104,-1
5105,5652
5106,5653
5107,5654
5108,-1
5109,-1
5110,5655
5111,5656
5112,5657
5113,-1
5114,-1
5115,5658
5116,5659
5117,5660
5118,-1
5119,-1
5120,-1
5121,-1
5122,5922
5123,5923
5124,5924
5125,-1
5126,-1
5127,5925
5128,5926
5129,5927
5130,-1
5131,-1
5132,5928
5133,5929
5134,5930
5135,-1
5136,-1
5137,5931
5138,5932
5139,5933
5140,-1
5141,-1
5142,5934
5143,5935
5144,5936
5145,-1
5146,-1
5147,5937
5148,5938
5149,5939
5150,-1
5151,-1
5152,-1
5153,-1
5154,6213
5155,6214
5156,6215
5157,-1
5158,-1
5159,6216
5160,6217
5161,6218
5162,-1
5163,-1
5164,6219
5165,6220
5166,6221
5167,-1
5168,-1
5169,6222
5170,6223
5171,6224
5172,-1
5173,-1
5174,6225
5175,6226
5176,6227
5177,-1
5178,-1
5179,6228
5180,6229
5181,6230
5182,-1
5183,-1
5184,-1
5185,-1
5186,6639
5187,6640
5188,6641
5189,-1
5190,-1
5191,6642
5192,6643
5193,6644
5194,-1
5195,-1
5196,6645
5197,6646
5198,6647
5199,-1
5200,-1
5201,6648
5202,6649
5203,6650
5204,-1
5205,-1
5206,6651
5207,6652
5208,6653
5209,-1
5210,-1
5211,6654
5212,6655
5213,6656
5214,-1
5215,-1
5216,-1
5217,-1
5218,6930
5219,6931
5220,6932
5221,-1
5222,-1
5223,6933
5224,6934
5225,6935
5226,-1
5227,-1
5228,6936
5229,6937
5230,6938
5231,-1
5232,-1
5233,6939
5234,6940
5235,6941
5236,-1
5237,-1
5238,6942
5239,6943
5240,6944
5241,-1
5242,-1
5243,6945
5244,6946
5245,6947
5246,-1
5247,-1
5248,-1
5249,-1
5250,7359
5251,7360
5252,7361
5253,-1
5254,-1
5255,7362
5256,7363
5257,7364
5258,-1
5259,-1
5260,7365
5261,7366
5262,7367
5263,-1
5264,-1
5265,7368
5266,7369
5267,7370
5268,-1
5269,-1
5270,7371
5271,7372
5272,7373
5273,-1
5274,-1
5275,7374
5276,7375
5277,7376
5278,-1
5279,-1
5280,-1
5281,-1
5282,7647
5283,7648
5284,7649
5285,-1
5286,-1
5287,7650
5288,7651
5289,7652
5290,-1
5291,-1
5292,7653
5293,7654
5294,7655
5295,-1
5296,-1
5297,7656
5298,7657
5299,7658
5300,-1
5301,-1
5302,7659
5303,7660
5304,7661
5305,-1
5306,-1
5307,7662
5308,7663
5309,7664
5310,-1
5311,-1
5312,-1
5313,-1
5314,8079
5315,8080
5316,8081
5317,-1
5318,-1
5319,8082
5320,8083
5321,8084
5322,-1
5323,-1
5324,8085
5325,8086
5326,8087
5327,-1
5328,-1
5329,8088
5330,8089
5331,8090
5332,-1
5333,-1
5334,8091
5335,8092
5336,8093
5337,-1
5338,-1
5339,8094
5340,8095
5341,8096
5342,-1
5343,-1
5344,-1
5345,-1
5346,8367
5347,8368
5348,8369
5349,-1
5350,-1
5351,8370
5352,8371
5353,8372
5354,-1
5355,-1
5356,8373
5357,8374
5358,8375
5359,-1
5360,-1
5361,8376
5362,8377
5363,8378
5364,-1
5365,-1
5366,8379
5367,8380
5368,8381
5369,-1
5370,-1
5371,8382
5372,8383
5373,8384
5374,-1
5375,-1
5376,-1
5377,-1
5378,8886
5379,8887
5380,8888
5381,-1
5382,-1
5383,8889
5384,8890
5385,8891
5386,-1
5387,-1
5388,8892
5389,8893
5390,8894
5391,-1
5392,-1
5393,8895
5394,8896
5395,8897
5396,-1
5397,-1
5398,8898
5399,8899
5400,8900
5401,-1
5402,-1
5403,8901
5404,8902
5405,8903
5406,-1
5407,-1
5408,-1
5409,-1
5410,9156
5411,9157
5412,9158
5413,-1
5414,-1
5415,9159
5416,9160
5417,9161
5418,-1
5419,-1
5420,9162
5421,9163
5422,9164
5423,-1
5424,-1
5425,9165
5426,9166
5427,9167
5428,-1
5429,-1
5430,9168
5431,9169
5432,9170
5433,-1
5434,-1
5435,9171
5436,9172
5437,9173
5438,-1
5439,-1
5440,-1
5441,-1
5442,9603
5443,9604
5444,9605
5445,-1
5446,-1
5447,9606
5448,9607
5449,9608
5450,-1
5451,-1
5452,9609
5453,9610
5454,9611
5455,-1
5456,-1
5457,9612
5458,9613
5459,9614
5460,-1
5461,-1
5462,9615
5463,9616
5464,9617
5465,-1
5466,-1
5467,9618
5468,9619
5469,9620
5470,-1
5471,-1
5472,-1
5473,-1
5474,9873
5475,9874
5476,9875
5477,-1
5478,-1
5479,9876
5480,9877
5481,9878
5482,-1
5483,-1
5484,9879
5485,9880
5486,9881
5487,-1
5488,-1
5489,9882
5490,9883
5491,9884
5492,-1
5493,-1
5494,9885
5495,9886
5496,9887
5497,-1
5498,-1
5499,9888
5500,9889
5501,9890
5502,-1
5503,-1
5504,-1
5505,-1
5506,10323
5507,10324
5508,10325
5509,-1
5510,-1
5511,10326
5512,10327
5513,10328
5514,-1
5515,-1
5516,10329
5517,10330
5518,10331
5519,-1
5520,-1
5521,10332
5522,10333
5523,10334
5524,-1
5525,-1
5526,10335
5527,10336
5528,10337
5529,-1
5530,-1
5531,10338
5532,10339
5533,10340
5534,-1
5535,-1
5536,-1
5537,-1
5538,10590
5539,10591
5540,10592
5541,-1
5542,-1
5543,10593
5544,10594
5545,10595
5546,-1
5547,-1
5548,10596
5549,10597
5550,10598
5551,-1
5552,-1
5553,10599
5554,10600
5555,10601
5556,-1
5557,-1
5558,10602
5559,10603
5560,10604
5561,-1
5562,-1
5563,10605
5564,10606
5565,10607
5566,-1
5567,-1
5568,-1
5569,-1
5570,11043
5571,11044
5572,11045
5573,-1
5574,-1
5575,11046
5576,11047
5577,11048
5578,-1
5579,-1
5580,11049
5581,11050
5582,11051
5583,-1
5584,-1
5585,11052
5586,11053
5587,11054
5588,-1
5589,-1
5590,11055
5591,11056
5592,11057
5593,-1
5594,-1
5595,11058
5596,11059
5597,11060
5598,-1
5599,-1
5600,-1
5601,-1
5602,11310
5603,11311
5604,11312
5605,-1
5606,-1
5607,11313
5608,11314
5609,11315
5610,-1
5611,-1
5612,11316
5613,11317
5614,11318
5615,-1
5616,-1
5617,11319
5618,11320
5619,11321
5620,-1
5621,-1
5622,11322
5623,11323
5624,11324
5625,-1
5626,-1
5627,11325
5628,11326
5629,11327
5630,-1
5631,-1
5632,-1
5633,-1
5634,11598
5635,11599
5636,11600
5637,-1
5638,-1
5639,11601
5640,11602
5641,11603
5642,-1
5643,-1
5644,11604
5645,11605
5646,11606
5647,-1
5648,-1
5649,11607
5650,11608
5651,11609
5652,-1
5653,-1
5654,11610
5655,11611
5656,11612
5657,-1
5658,-1
5659,11613
5660,11614
5661,11615
5662,-1
5663,-1
5664,-1
5665,-1
5666,11895
5667,11896
5668,11897
5669,-1
5670,-1
5671,11898
5672,11899
5673,11900
5674,-1
5675,-1
5676,11901
5677,11902
5678,11903
5679,-1
5680,-1
5681,11904
5682,11905
5683,11906
5684,-1
5685,-1
5686,11907
5687,11908
5688,11909
5689,-1
5690,-1
5691,11910
5692,11911
5693,11912
5694,-1
5695,-1
5696,-1
5697,-1
5698,12318
5699,12319
5700,12320
5701,-1
5702,-1
5703,12321
5704,12322
5705,12323
5706,-1
5707,-1
5708,12324
5709,12325
5710,12326
5711,-1
5712,-1
5713,12327
5714,12328
5715,12329
5716,-1
5717,-1
5718,12330
5719,12331
5720,12332
5721,-1
5722,-1
5723,12333
5724,12334
5725,12335
5726,-1
5727,-1
5728,-1
5729,-1
5730,12678
5731,12679
5732,12680
5733,-1
5734,-1
5735,12681
5736,12682
5737,12683
5738,-1
5739,-1
5740,12684
5741,12685
5742,12686
5743,-1
5744,-1
5745,12687
5746,12688
5747,12689
5748,-1
5749,-1
5750,12690
5751,12691
5752,12692
5753,-1
5754,-1
5755,12693
5756,12694
5757,12695
5758,-1
5759,-1
5760,393
5761,394
5762,395
5763,-1
5764,-1
5765,396
5766,397
5767,398
5768,-1
5769,-1
5770,399
5771,400
5772,401
5773,-1
5774,-1
5775,402
5776,403
5777,404
5778,-1
5779,-1
5780,405
5781,406
5782,407
5783,-1
5784,-1
5785,408
5786,409
5787,410
5788,-1
5789,-1
5790,411
5791,412
5792,33
5793,34
5794,35
5795,-1
5796,-1
5797,36
5798,37
5799,38
5800,-1
5801,-1
5802,39
5803,40
5804,41
5805,-1
5806,-1
5807,42
5808,43
5809,44
5810,-1
5811,-1
5812,45
5813,46
5814,47
5815,-1
5816,-1
5817,48
5818,49
5819,50
5820,-1
5821,-1
5822,51
5823,52
5824,1110
5825,1111
5826,1112
5827,-1
5828,-1
5829,1113
5830,1114
5831,1115
5832,-1
5833,-1
5834,1116
5835,1117
5836,1118
5837,-1
5838,-1
5839,1119
5840,1120
5841,1121
5842,-1
5843,-1
5844,1122
5845,1123
5846,1124
5847,-1
5848,-1
5849,1125
5850,1126
5851,1127
5852,-1
5853,-1
5854,1128
5855,1129
5856,756
5857,757
5858,758
5859,-1
5860,-1
5861,759
5862,760
5863,761
5864,-1
5865,-1
5866,762
5867,763
5868,764
5869,-1
5870,-1
5871,765
5872,766
5873,767
5874,-1
5875,-1
5876,768
5877,769
5878,770
5879,-1
5880,-1
5881,771
5882,772
5883,773
5884,-1
5885,-1
5886,774
5887,775
5888,1830
5889,1831
5890,1832
5891,-1
5892,-1
5893,1833
5894,1834
5895,1835
5896,-1
5897,-1
5898,1836
5899,1837
5900,1838
5901,-1
5902,-1
5903,1839
5904,1840
5905,1841
5906,-1
5907,-1
5908,1842
5909,1843
5910,1844
5911,-1
5912,-1
5913,1845
5914,1846
5915,1847
5916,-1
5917,-1
5918,1848
5919,1849
5920,1479
5921,1480
5922,1481
5923,-1
5924,-1
5925,1482
5926,1483
5927,1484
5928,-1
5929,-1
5930,1485
5931,1486
5932,1487
5933,-1
5934,-1
5935,1488
5936,1489
5937,1490
5938,-1
5939,-1
5940,1491
5941,1492
5942,1493
5943,-1
5944,-1
5945,1494
5946,1495
5947,1496
5948,-1
5949,-1
5950,1497
5951,1498
5952,2550
5953,2551
5954,2552
5955,-1
5956,-1
5957,2553
5958,2554
5959,2555
5960,-1
5961,-1
5962,2556
5963,2557
5964,2558
5965,-1
5966,-1
5967,2559
5968,2560
5969,2561
5970,-1
5971,-1
5972,2562
5973,2563
5974,2564
5975,-1
5976,-1
5977,2565
5978,2566
5979,2567
5980,-1
5981,-1
5982,2568
5983,2569
5984,2199
5985,2200
5986,2201
5987,-1
5988,-1
5989,2202
5990,2203
5991,2204
5992,-1
5993,-1
5994,2205
5995,2206
5996,2207
5997,-1
5998,-1
5999,2208
6000,2209
6001,2210
6002,-1
6003,-1
6004,2211
6005,2212
6006,2213
6007,-1
6008,-1
6009,2214
6010,2215
6011,2216
6012,-1
6013,-1
6014,2217
6015,2218
6016,3204
6017,3205
6018,3206
6019,-1
6020,-1
6021,3207
6022,3208
6023,3209
6024,-1
6025,-1
6026,3210
6027,3211
6028,3212
6029,-1
6030,-1
6031,3213
6032,3214
6033,3215
6034,-1
6035,-1
6036,3216
6037,3217
6038,3218
6039,-1
6040,-1
6041,3219
6042,3220
6043,3221
6044,-1
6045,-1
6046,3222
6047,3223
6048,3513
6049,3514
6050,3515
6051,-1
6052,-1
6053,3516
6054,3517
6055,3518
6056,-1
6057,-1
6058,3519
6059,3520
6060,3521
6061,-1
6062,-1
6063,3522
6064,3523
6065,3524
6066,-1
6067,-1
6068,3525
6069,3526
6070,3527
6071,-1
6072,-1
6073,3528
6074,3529
6075,3530
6076,-1
6077,-1
6078,3531
6079,3532
6080,3927
6081,3928
6082,3929
6083,-1
6084,-1
6085,3930
6086,3931
6087,3932
6088,-1
6089,-1
6090,3933
6091,3934
6092,3935
6093,-1
6094,-1
6095,3936
6096,3937
6097,3938
6098,-1
6099,-1
6100,3939
6101,3940
6102,3941
6103,-1
6104,-1
6105,3942
6106,3943
6107,3944
6108,-1
6109,-1
6110,3945
6111,3946
6112,4230
6113,4231
6114,4232
6115,-1
6116,-1
6117,4233
6118,4234
6119,4235
6120,-1
6121,-1
6122,4236
6123,4237
6124,4238
6125,-1
6126,-1
6127,4239
6128,4240
6129,4241
6130,-1
6131,-1
6132,4242
6133,4243
6134,4244
6135,-1
6136,-1
6137,4245
6138,4246
6139,4247
6140,-1
6141,-1
6142,4248
6143,4249
6144,4647
6145,4648
6146,4649
6147,-1
6148,-1
6149,4650
6150,4651
6151,4652
6152,-1
6153,-1
6154,4653
6155,4654
6156,4655
6157,-1
6158,-1
6159,4656
6160,4657
6161,4658
6162,-1
6163,-1
6164,4659
6165,4660
6166,4661
6167,-1
6168,-1
6169,4662
6170,4663
6171,4664
6172,-1
6173,-1
6174,4665
6175,4666
6176,4947
6177,4948
6178,4949
6179,-1
6180,-1
6181,4950
6182,4951
6183,4952
6184,-1
6185,-1
6186,4953
6187,4954
6188,4955
6189,-1
6190,-1
6191,4956
6192,4957
6193,4958
6194,-1
6195,-1
6196,4959
6197,4960
6198,4961
6199,-1
6200,-1
6201,4962
6202,4963
6203,4964
6204,-1
6205,-1
6206,4965
6207,4966
6208,5367
6209,5368
6210,5369
6211,-1
6212,-1
6213,5370
6214,5371
6215,5372
6216,-1
6217,-1
6218,5373
6219,5374
6220,5375
6221,-1
6222,-1
6223,5376
6224,5377
6225,5378
6226,-1
6227,-1
6228,5379
6229,5380
6230,5381
6231,-1
6232,-1
6233,5382
6234,5383
6235,5384
6236,-1
6237,-1
6238,5385
6239,5386
6240,5661
6241,5662
6242,5663
6243,-1
6244,-1
6245,5664
6246,5665
6247,5666
6248,-1
6249,-1
6250,5667
6251,5668
6252,5669
6253,-1
6254,-1
6255,5670
6256,5671
6257,5672
6258,-1
6259,-1
6260,5673
6261,5674
6262,5675
6263,-1
6264,-1
6265,5676
6266,5677
6267,5678
6268,-1
6269,-1
6270,5679
6271,5680
6272,5940
6273,5941
6274,5942
6275,-1
6276,-1
6277,5943
6278,5944
6279,5945
6280,-1
6281,-1
6282,5946
6283,5947
6284,5948
6285,-1
6286,-1
6287,5949
6288,5950
6289,5951
6290,-1
6291,-1
6292,5952
6293,5953
6294,5954
6295,-1
6296,-1
6297,5955
6298,5956
6299,5957
6300,-1
6301,-1
6302,5958
6303,5959
6304,6231
6305,6232
6306,6233
6307,-1
6308,-1
6309,6234
6310,6235
6311,6236
6312,-1
6313,-1
6314,6237
6315,6238
6316,6239
6317,-1
6318,-1
6319,6240
6320,6241
6321,6242
6322,-1
6323,-1
6324,6243
6325,6244
6326,6245
6327,-1
6328,-1
6329,6246
6330,6247
6331,6248
6332,-1
6333,-1
6334,6249
6335,6250
6336,6657
6337,6658
6338,6659
6339,-1
6340,-1
6341,6660
6342,6661
6343,6662
6344,-1
6345,-1
6346,6663
6347,6664
6348,6665
6349,-1
6350,-1
6351,6666
6352,6667
6353,6668
6354,-1
6355,-1
6356,6669
6357,6670
6358,6671
6359,-1
6360,-1
6361,6672
6362,6673
6363,6674
6364,-1
6365,-1
6366,6675
6367,6676
6368,6948
6369,6949
6370,6950
6371,-1
6372,-1
6373,6951
6374,6952
6375,6953
6376,-1
6377,-1
6378,6954
6379,6955
6380,6956
6381,-1
6382,-1
6383,6957
6384,6958
6385,6959
6386,-1
6387,-1
6388,6960
6389,6961
6390,6962
6391,-1
6392,-1
6393,6963
6394,6964
6395,6965
6396,-1
6397,-1
6398,6966
6399,6967
6400,7377
6401,7378
6402,7379
6403,-1
6404,-1
6405,7380
6406,7381
6407,7382
6408,-1
6409,-1
6410,7383
6411,7384
6412,7385
6413,-1
6414,-1
6415,7386
6416,7387
6417,7388
6418,-1
6419,-1
6420,7389
6421,7390
6422,7391
6423,-1
6424,-1
6425,7392
6426,7393
6427,7394
6428,-1
6429,-1
6430,7395
6431,7396
6432,7665
6433,7666
6434,7667
6435,-1
6436,-1
6437,7668
6438,7669
6439,7670
6440,-1
6441,-1
6442,7671
6443,7672
6444,7673
6445,-1
6446,-1
6447,7674
6448,7675
6449,7676
6450,-1
6451,-1
6452,7677
6453,7678
6454,7679
6455,-1
6456,-1
6457,7680
6458,7681
6459,7682
6460,-1
6461,-1
6462,7683
6463,7684
6464,8097
6465,8098
6466,8099
6467,-1
6468,-1
6469,8100
6470,8101
6471,8102
6472,-1
6473,-1
6474,8103
6475,8104
6476,8105
6477,-1
6478,-1
6479,8106
6480,8107
6481,8108
6482,-1
6483,-1
6484,8109
6485,8110
6486,8111
6487,-1
6488,-1
6489,8112
6490,8113
6491,8114
6492,-1
6493,-1
6494,8115
6495,8116
6496,8385
6497,8386
6498,8387
6499,-1
6500,-1
6501,8388
6502,8389
6503,8390
6504,-1
6505,-1
6506,8391
6507,8392
6508,8393
6509,-1
6510,-1
6511,8394
6512,8395
6513,8396
6514,-1
6515,-1
6516,8397
6517,8398
6518,8399
6519,-1
6520,-1
6521,8400
6522,8401
6523,8402
6524,-1
6525,-1
6526,8403
6527,8404
6528,8904
6529,8905
6530,8906
6531,-1
6532,-1
6533,8907
6534,8908
6535,8909
6536,-1
6537,-1
6538,8910
6539,8911
6540,8912
6541,-1
6542,-1
6543,8913
6544,8914
6545,8915
6546,-1
6547,-1
6548,8916
6549,8917
6550,8918
6551,-1
6552,-1
6553,8919
6554,8920
6555,8921
6556,-1
6557,-1
6558,8922
6559,8923
6560,9174
6561,9175
6562,9176
6563,-1
6564,-1
6565,9177
6566,9178
6567,9179
6568,-1
6569,-1
6570,9180
6571,9181
6572,9182
6573,-1
6574,-1
6575,9183
6576,9184
6577,9185
6578,-1
6579,-1
6580,9186
6581,9187
6582,9188
6583,-1
6584,-1
6585,9189
6586,9190
6587,9191
6588,-1
6589,-1
6590,9192
6591,9193
6592,9621
6593,9622
6594,9623
6595,-1
6596,-1
6597,9624
6598,9625
6599,9626
6600,-1
6601,-1
6602,9627
6603,9628
6604,9629
6605,-1
6606,-1
6607,9630
6608,9631
6609,9632
6610,-1
6611,-1
6612,9633
6613,9634
6614,9635
6615,-1
6616,-1
6617,9636
6618,9637
6619,9638
6620,-1
6621,-1
6622,9639
6623,9640
6624,9891
6625,9892
6626,9893
6627,-1
6628,-1
6629,9894
6630,9895
6631,9896
6632,-1
6633,-1
6634,9897
6635,9898
6636,9899
6637,-1
6638,-1
6639,9900
6640,9901
6641,9902
6642,-1
6643,-1
6644,9903
6645,9904
6646,9905
6647,-1
6648,-1
6649,9906
6650,9907
6651,9908
6652,-1
6653,-1
6654,9909
6655,9910
6656,10341
6657,10342
6658,10343
6659,-1
6660,-1
6661,10344
6662,10345
6663,10346
6664,-1
6665,-1
6666,10347
6667,10348
6668,10349
6669,-1
6670,-1
6671,10350
6672,10351
6673,10352
6674,-1
6675,-1
6676,10353
6677,10354
6678,10355
6679,-1
6680,-1
6681,10356
6682,10357
6683,10358
6684,-1
6685,-1
6686,10359
6687,10360
6688,10608
6689,10609
6690,10610
6691,-1
6692,-1
6693,10611
6694,10612
6695,10613
6696,-1
6697,-1
6698,10614
6699,10615
6700,10616
6701,-1
6702,-1
6703,10617
6704,10618
6705,10619
6706,-1
6707,-1
6708,10620
6709,10621
6710,10622
6711,-1
6712,-1
6713,10623
6714,10624
6715,10625
6716,-1
6717,-1
6718,10626
6719,10627
6720,11061
6721,11062
6722,11063
6723,-1
6724,-1
6725,11064
6726,11065
6727,11066
6728,-1
6729,-1
6730,11067
6731,11068
6732,11069
6733,-1
6734,-1
6735,11070
6736,11071
6737,11072
6738,-1
6739,-1
6740,11073
6741,11074
6742,11075
6743,-1
6744,-1
6745,11076
6746,11077
6747,11078
6748,-1
6749,-1
6750,11079
6751,11080
6752,11328
6753,11329
6754,11330
6755,-1
6756,-1
6757,11331
6758,11332
6759,11333
6760,-1
6761,-1
6762,11334
6763,11335
6764,11336
6765,-1
6766,-1
6767,11337
6768,11338
6769,11339
6770,-1
6771,-1
6772,11340
6773,11341
6774,11342
6775,-1
6776,-1
6777,11343
6778,11344
6779,11345
6780,-1
6781,-1
6782,11346
6783,11347
6784,11616
6785,11617
6786,11618
6787,-1
6788,-1
6789,11619
6790,11620
6791,11621
6792,-1
6793,-1
6794,11622
6795,11623
6796,11624
6797,-1
6798,-1
6799,11625
6800,11626
6801,11627
6802,-1
6803,-1
6804,11628
6805,11629
6806,11630
6807,-1
6808,-1
6809,11631
6810,11632
6811,11633
6812,-1
6813,-1
6814,11634
6815,11635
6816,11913
6817,11914
6818,11915
6819,-1
6820,-1
6821,11916
6822,11917
6823,11918
6824,-1
6825,-1
6826,11919
6827,11920
6828,11921
6829,-1
6830,-1
6831,11922
6832,11923
6833,11924
6834,-1
6835,-1
6836,11925
6837,11926
6838,11927
6839,-1
6840,-1
6841,11928
6842,11929
6843,11930
6844,-1
6845,-1
6846,11931
6847,11932
6848,12336
6849,12337
6850,12338
6851,-1
6852,-1
6853,12339
6854,12340
6855,12341
6856,-1
6857,-1
6858,12342
6859,12343
6860,12344
6861,-1
6862,-1
6863,12345
6864,12346
6865,12347
6866,-1
6867,-1
6868,12348
6869,12349
6870,12350
6871,-1
6872,-1
6873,12351
6874,12352
6875,12353
6876,-1
6877,-1
6878,12354
6879,12355
6880,12696
6881,12697
6882,12698
6883,-1
6884,-1
6885,12699
6886,12700
6887,12701
6888,-1
6889,-1
6890,12702
6891,12703
6892,12704
6893,-1
6894,-1
6895,12705
6896,12706
6897,12707
6898,-1
6899,-1
6900,12708
6901,12709
6902,12710
6903,-1
6904,-1
6905,12711
6906,12712
6907,12713
6908,-1
6909,-1
6910,12714
6911,12715
6912,413
6913,-1
6914,-1
6915,414
6916,415
6917,416
6918,-1
6919,-1
6920,417
6921,418
6922,419
6923,-1
6924,-1
6925,420
6926,421
6927,422
6928,-1
6929,-1
6930,423
6931,424
6932,425
6933,-1
6934,-1
6935,426
6936,427
6937,428
6938,-1
6939,-1
6940,429
6941,430
6942,431
6943,-1
6944,53
6945,-1
6946,-1
6947,54
6948,55
6949,56
6950,-1
6951,-1
6952,57
6953,58
6954,59
6955,-1
6956,-1
6957,60
6958,61
6959,62
6960,-1
6961,-1
6962,63
6963,64
6964,65
6965,-1
6966,-1
6967,66
6968,67
6969,68
6970,-1
6971,-1
6972,69
6973,70
6974,71
6975,-1
6976,1130
6977,-1
6978,-1
6979,1131
6980,1132
6981,1133
6982,-1
6983,-1
6984,1134
6985,1135
6986,1136
6987,-1
6988,-1
6989,1137
6990,1138
6991,1139
6992,-1
6993,-1
6994,1140
6995,1141
6996,1142
6997,-1
6998,-1
6999,1143
7000,1144
7001,1145
7002,-1
7003,-1
7004,1146
7005,1147
7006,1148
7007,-1
7008,776
7009,-1
7010,-1
7011,777
7012,778
7013,779
7014,-1
7015,-1
7016,780
7017,781
7018,782
7019,-1
7020,-1
7021,783
7022,784
7023,785
7024,-1
7025,-1
7026,786
7027,787
7028,788
7029,-1
7030,-1
7031,789
7032,790
7033,791
7034,-1
7035,-1
7036,792
7037,793
7038,794
7039,-1
7040,1850
7041,-1
7042,-1
7043,1851
7044,1852
7045,1853
7046,-1
7047,-1
7048,1854
7049,1855
7050,1856
7051,-1
7052,-1
7053,1857
7054,1858
7055,1859
7056,-1
7057,-1
7058,1860
7059,1861
7060,1862
7061,-1
7062,-1
7063,1863
7064,1864
7065,1865
7066,-1
7067,-1
7068,1866
7069,1867
7070,1868
7071,-1
7072,1499
7073,-1
7074,-1
7075,1500
7076,1501
7077,1502
7078,-1
7079,-1
7080,1503
7081,1504
7082,1505
7083,-1
7084,-1
7085,1506
7086,1507
7087,1508
7088,-1
7089,-1
7090,1509
7091,1510
7092,1511
7093,-1
7094,-1
7095,1512
7096,1513
7097,1514
7098,-1
7099,-1
7100,1515
7101,1516
7102,1517
7103,-1
7104,2570
7105,-1
7106,-1
7107,2571
7108,2572
7109,2573
7110,-1
7111,-1
7112,2574
7113,2575
7114,2576
7115,-1
7116,-1
7117,2577
7118,2578
7119,2579
7120,-1
7121,-1
7122,2580
7123,2581
7124,2582
7125,-1
7126,-1
7127,2583
7128,2584
7129,2585
7130,-1
7131,-1
7132,2586
7133,2587
7134,2588
7135,-1
7136,2219
7137,-1
7138,-1
7139,2220
7140,2221
7141,2222
7142,-1
7143,-1
7144,2223
7145,2224
7146,2225
7147,-1
7148,-1
7149,2226
7150,2227
7151,2228
7152,-1
7153,-1
7154,2229
7155,2230
7156,2231
7157,-1
7158,-1
7159,2232
7160,2233
7161,2234
7162,-1
7163,-1
7164,2235
7165,2236
7166,2237
7167,-1
7168,3224
7169,-1
7170,-1
7171,3225
7172,3226
7173,3227
7174,-1
7175,-1
7176,3228
7177,3229
7178,3230
7179,-1
7180,-1
7181,3231
7182,3232
7183,3233
7184,-1
7185,-1
7186,3234
7187,3235
7188,3236
7189,-1
7190,-1
7191,3237
7192,3238
7193,3239
7194,-1
7195,-1
7196,3240
7197,3241
7198,3242
7199,-1
7200,3533
7201,-1
7202,-1
7203,3534
7204,3535
7205,3536
7206,-1
7207,-1
7208,3537
7209,3538
7210,3539
7211,-1
7212,-1
7213,2880
7214,2881
7215,2882
7216,-1
7217,-1
7218,2883
7219,2884
7220,2885
7221,-1
7222,-1
7223,2886
7224,2887
7225,2888
7226,-1
7227,-1
7228,2889
7229,2890
7230,2891
7231,-1
7232,3947
7233,-1
7234,-1
7235,3948
7236,3949
7237,3950
7238,-1
7239,-1
7240,3951
7241,3952
7242,3953
7243,-1
7244,-1
7245,3954
7246,3955
7247,3956
7248,-1
7249,-1
7250,3957
7251,3958
7252,3959
7253,-1
7254,-1
7255,3960
7256,3961
7257,3962
7258,-1
7259,-1
7260,3963
7261,3964
7262,3965
7263,-1
7264,4250
7265,-1
7266,-1
7267,4251
7268,4252
7269,4253
7270,-1
7271,-1
7272,4254
7273,4255
7274,4256
7275,-1
7276,-1
7277,3600
7278,3601
7279,3602
7280,-1
7281,-1
7282,3603
7283,3604
7284,3605
7285,-1
7286,-1
7287,3606
7288,3607
7289,3608
7290,-1
7291,-1
7292,3609
7293,3610
7294,3611
7295,-1
7296,4667
7297,-1
7298,-1
7299,4668
7300,4669
7301,4670
7302,-1
7303,-1
7304,4671
7305,4672
7306,4673
7307,-1
7308,-1
7309,4674
7310,4675
7311,4676
7312,-1
7313,-1
7314,4677
7315,4678
7316,4679
7317,-1
7318,-1
7319,4680
7320,4681
7321,4682
7322,-1
7323,-1
7324,4683
7325,4684
7326,4685
7327,-1
7328,4967
7329,-1
7330,-1
7331,4968
7332,4969
7333,4970
7334,-1
7335,-1
7336,4320
7337,4321
7338,4322
7339,-1
7340,-1
7341,4323
7342,4324
7343,4325
7344,-1
7345,-1
7346,4326
7347,4327
7348,4328
7349,-1
7350,-1
7351,4329
7352,4330
7353,4331
7354,-1
7355,-1
7356,4332
7357,4333
7358,4334
7359,-1
7360,5387
7361,-1
7362,-1
7363,5388
7364,5389
7365,5390
7366,-1
7367,-1
7368,5391
7369,5392
7370,5393
7371,-1
7372,-1
7373,5394
7374,5395
7375,5396
7376,-1
7377,-1
7378,5397
7379,5398
7380,5399
7381,-1
7382,-1
7383,5400
7384,5401
7385,5402
7386,-1
7387,-1
7388,5403
7389,5404
7390,5405
7391,-1
7392,5681
7393,-1
7394,-1
7395,5682
7396,5683
7397,5684
7398,-1
7399,-1
7400,5040
7401,5041
7402,5042
7403,-1
7404,-1
7405,5043
7406,5044
7407,5045
7408,-1
7409,-1
7410,5046
7411,5047
7412,5048
7413,-1
7414,-1
7415,5049
7416,5050
7417,5051
7418,-1
7419,-1
7420,5052
7421,5053
7422,5054
7423,-1
7424,5960
7425,-1
7426,-1
7427,5961
7428,5962
7429,5963
7430,-1
7431,-1
7432,5964
7433,5965
7434,5966
7435,-1
7436,-1
7437,5967
7438,5968
7439,5969
7440,-1
7441,-1
7442,5970
7443,5971
7444,5972
7445,-1
7446,-1
7447,5973
7448,5974
7449,5975
7450,-1
7451,-1
7452,5976
7453,5977
7454,5978
7455,-1
7456,6251
7457,-1
7458,-1
7459,6252
7460,6253
7461,6254
7462,-1
7463,-1
7464,6255
7465,6256
7466,6257
7467,-1
7468,-1
7469,6258
7470,6259
7471,6260
7472,-1
7473,-1
7474,6261
7475,6262
7476,6263
7477,-1
7478,-1
7479,6264
7480,6265
7481,6266
7482,-1
7483,-1
7484,6267
7485,6268
7486,6269
7487,-1
7488,6677
7489,-1
7490,-1
7491,6678
7492,6679
7493,6680
7494,-1
7495,-1
7496,6681
7497,6682
7498,6683
7499,-1
7500,-1
7501,6684
7502,6685
7503,6686
7504,-1
7505,-1
7506,6687
7507,6688
7508,6689
7509,-1
7510,-1
7511,6690
7512,6691
7513,6692
7514,-1
7515,-1
7516,6693
7517,6694
7518,6695
7519,-1
7520,6968
7521,-1
7522,-1
7523,6969
7524,6970
7525,6971
7526,-1
7527,-1
7528,6972
7529,6973
7530,6974
7531,-1
7532,-1
7533,6975
7534,6976
7535,6977
7536,-1
7537,-1
7538,6978
7539,6979
7540,6980
7541,-1
7542,-1
7543,6981
7544,6982
7545,6983
7546,-1
7547,-1
7548,6984
7549,6985
7550,6986
7551,-1
7552,7397
7553,-1
7554,-1
7555,7398
7556,7399
7557,7400
7558,-1
7559,-1
7560,7401
7561,7402
7562,7403
7563,-1
7564,-1
7565,7404
7566,7405
7567,7406
7568,-1
7569,-1
7570,7407
7571,7408
7572,7409
7573,-1
7574,-1
7575,7410
7576,7411
7577,7412
7578,-1
7579,-1
7580,7413
7581,7414
7582,7415
7583,-1
7584,7685
7585,-1
7586,-1
7587,7686
7588,7687
7589,7688
7590,-1
7591,-1
7592,7689
7593,7690
7594,7691
7595,-1
7596,-1
7597,7692
7598,7693
7599,7694
7600,-1
7601,-1
7602,7695
7603,7696
7604,7697
7605,-1
7606,-1
7607,7698
7608,7699
7609,7700
7610,-1
7611,-1
7612,7701
7613,7702
7614,7703
7615,-1
7616,8117
7617,-1
7618,-1
7619,8118
7620,8119
7621,8120
7622,-1
7623,-1
7624,8121
7625,8122
7626,8123
7627,-1
7628,-1
7629,8124
7630,8125
7631,8126
7632,-1
7633,-1
7634,8127
7635,8128
7636,8129
7637,-1
7638,-1
7639,8130
7640,8131
7641,8132
7642,-1
7643,-1
7644,8133
7645,8134
7646,8135
7647,-1
7648,8405
7649,-1
7650,-1
7651,8406
7652,8407
7653,8408
7654,-1
7655,-1
7656,8409
7657,8410
7658,8411
7659,-1
7660,-1
7661,8412
7662,8413
7663,8414
7664,-1
7665,-1
7666,8415
7667,8416
7668,8417
7669,-1
7670,-1
7671,8418
7672,8419
7673,8420
7674,-1
7675,-1
7676,8421
7677,8422
7678,8423
7679,-1
7680,8924
7681,-1
7682,-1
7683,8925
7684,8926
7685,8927
7686,-1
7687,-1
7688,8928
7689,8929
7690,8930
7691,-1
7692,-1
7693,8931
7694,8932
7695,8933
7696,-1
7697,-1
7698,8934
7699,8935
7700,8936
7701,-1
7702,-1
7703,-1
7704,-1
7705,-1
7706,-1
7707,-1
7708,-1
7709,-1
7710,-1
7711,-1
7712,9194
7713,-1
7714,-1
7715,9195
7716,9196
7717,9197
7718,-1
7719,-1
7720,9198
7721,9199
7722,9200
7723,-1
7724,-1
7725,9201
7726,9202
7727,9203
7728,-1
7729,-1
7730,9204
7731,9205
7732,9206
7733,-1
7734,-1
7735,9207
7736,9208
7737,9209
7738,-1
7739,-1
7740,9210
7741,9211
7742,9212
7743,-1
7744,9641
7745,-1
7746,-1
7747,9642
7748,9643
7749,9644
7750,-1
7751,-1
7752,9645
7753,9646
7754,9647
7755,-1
7756,-1
7757,9648
7758,9649
7759,9650
7760,-1
7761,-1
7762,9651
7763,9652
7764,9653
7765,-1
7766,-1
7767,9654
7768,9655
7769,9656
7770,-1
7771,-1
7772,-1
7773,-1
7774,-1
7775,-1
7776,9911
7777,-1
7778,-1
7779,9912
7780,9913
7781,9914
7782,-1
7783,-1
7784,9915
7785,9916
7786,9917
7787,-1
7788,-1
7789,9918
7790,9919
7791,9920
7792,-1
7793,-1
7794,9921
7795,9922
7796,9923
7797,-1
7798,-1
7799,9924
7800,9925
7801,9926
7802,-1
7803,-1
7804,9927
7805,9928
7806,9929
7807,-1
7808,10361
7809,-1
7810,-1
7811,10362
7812,10363
7813,10364
7814,-1
7815,-1
7816,10365
7817,10366
7818,10367
7819,-1
7820,-1
7821,10368
7822,10369
7823,10370
7824,-1
7825,-1
7826,10371
7827,10372
7828,10373
7829,-1
7830,-1
7831,10374
7832,10375
7833,10376
7834,-1
7835,-1
7836,-1
7837,-1
7838,-1
7839,-1
7840,10628
7841,-1
7842,-1
7843,10629
7844,10630
7845,10631
7846,-1
7847,-1
7848,10632
7849,10633
7850,10634
7851,-1
7852,-1
7853,10635
7854,10636
7855,10637
7856,-1
7857,-1
7858,10638
7859,10639
7860,10640
7861,-1
7862,-1
7863,10641
7864,10642
7865,10643
7866,-1
7867,-1
7868,10644
7869,10645
7870,10646
7871,-1
7872,11081
7873,-1
7874,-1
7875,11082
7876,11083
7877,11084
7878,-1
7879,-1
7880,11085
7881,11086
7882,11087
7883,-1
7884,-1
7885,11088
7886,11089
7887,11090
7888,-1
7889,-1
7890,11091
7891,11092
7892,11093
7893,-1
7894,-1
7895,11094
7896,11095
7897,11096
7898,-1
7899,-1
7900,-1
7901,-1
7902,-1
7903,-1
7904,11348
7905,-1
7906,-1
7907,11349
7908,11350
7909,11351
7910,-1
7911,-1
7912,11352
7913,11353
7914,11354
7915,-1
7916,-1
7917,11355
7918,11356
7919,11357
7920,-1
7921,-1
7922,11358
7923,11359
7924,11360
7925,-1
7926,-1
7927,11361
7928,11362
7929,11363
7930,-1
7931,-1
7932,11364
7933,11365
7934,11366
7935,-1
7936,11636
7937,-1
7938,-1
7939,11637
7940,11638
7941,11639
7942,-1
7943,-1
7944,11640
7945,11641
7946,11642
7947,-1
7948,-1
7949,11643
7950,11644
7951,11645
7952,-1
7953,-1
7954,11646
7955,11647
7956,11648
7957,-1
7958,-1
7959,11649
7960,11650
7961,11651
7962,-1
7963,-1
7964,11652
7965,11653
7966,11654
7967,-1
7968,11933
7969,-1
7970,-1
7971,11934
7972,11935
7973,11936
7974,-1
7975,-1
7976,11937
7977,11938
7978,11939
7979,-1
7980,-1
7981,11940
7982,11941
7983,11942
7984,-1
7985,-1
7986,11943
7987,11944
7988,11945
7989,-1
7990,-1
7991,11946
7992,11947
7993,11948
7994,-1
7995,-1
7996,11949
7997,11950
7998,11951
7999,-1
8000,12356
8001,-1
8002,-1
8003,12357
8004,12358
8005,12359
8006,-1
8007,-1
8008,12360
8009,12361
8010,12362
8011,-1
8012,-1
8013,12363
8014,12364
8015,12365
8016,-1
8017,-1
8018,12366
8019,12367
8020,12368
8021,-1
8022,-1
8023,12369
8024,12370
8025,12371
8026,-1
8027,-1
8028,12372
8029,12373
8030,12374
8031,-1
8032,12716
8033,-1
8034,-1
8035,12717
8036,12718
8037,12719
8038,-1
8039,-1
8040,12720
8041,12721
8042,12722
8043,-1
8044,-1
8045,12723
8046,12724
8047,12725
8048,-1
8049,-1
8050,12726
8051,12727
8052,12728
8053,-1
8054,-1
8055,12729
8056,12730
8057,12731
8058,-1
8059,-1
8060,12732
8061,12733
8062,12734
8063,-1
8064,-1
8065,432
8066,433
8067,434
8068,-1
8069,-1
8070,435
8071,436
8072,437
8073,-1
8074,-1
8075,438
8076,439
8077,440
8078,-1
8079,-1
8080,441
8081,442
8082,443
8083,-1
8084,-1
8085,444
8086,445
8087,446
8088,-1
8089,-1
8090,447
8091,448
8092,449
8093,-1
8094,-1
8095,450
8096,-1
8097,72
8098,73
8099,74
8100,-1
8101,-1
8102,75
8103,76
8104,77
8105,-1
8106,-1
8107,78
8108,79
8109,80
8110,-1
8111,-1
8112,81
8113,82
8114,83
8115,-1
8116,-1
8117,84
8118,85
8119,86
8120,-1
8121,-1
8122,87
8123,88
8124,89
8125,-1
8126,-1
8127,90
8128,-1
8129,1149
8130,1150
8131,1151
8132,-1
8133,-1
8134,1152
8135,1153
8136,1154
8137,-1
8138,-1
8139,1155
8140,1156
8141,1157
8142,-1
8143,-1
8144,1158
8145,1159
8146,1160
8147,-1
8148,-1
8149,1161
8150,1162
8151,1163
8152,-1
8153,-1
8154,1164
8155,1165
8156,1166
8157,-1
8158,-1
8159,1167
8160,-1
8161,795
8162,796
8163,797
8164,-1
8165,-1
8166,798
8167,799
8168,800
8169,-1
8170,-1
8171,801
8172,802
8173,803
8174,-1
8175,-1
8176,804
8177,805
8178,806
8179,-1
8180,-1
8181,807
8182,808
8183,809
8184,-1
8185,-1
8186,810
8187,811
8188,812
8189,-1
8190,-1
8191,813
8192,-1
8193,1869
8194,1870
8195,1871
8196,-1
8197,-1
8198,1872
8199,1873
8200,1874
8201,-1
8202,-1
8203,1875
8204,1876
8205,1877
8206,-1
8207,-1
8208,1878
8209,1879
8210,1880
8211,-1
8212,-1
8213,1881
8214,1882
8215,1883
8216,-1
8217,-1
8218,1884
8219,1885
8220,1886
8221,-1
8222,-1
8223,1887
8224,-1
8225,1518
8226,1519
8227,1520
8228,-1
8229,-1
8230,1521
8231,1522
8232,1523
8233,-1
8234,-1
8235,1524
8236,1525
8237,1526
8238,-1
8239,-1
8240,1527
8241,1528
8242,1529
8243,-1
8244,-1
8245,1530
8246,1531
8247,1532
8248,-1
8249,-1
8250,1533
8251,1534
8252,1535
8253,-1
8254,-1
8255,1536
8256,-1
8257,2589
8258,2590
8259,2591
8260,-1
8261,-1
8262,2592
8263,2593
8264,2594
8265,-1
8266,-1
8267,2595
8268,2596
8269,2597
8270,-1
8271,-1
8272,2598
8273,2599
8274,2600
8275,-1
8276,-1
8277,2601
8278,2602
8279,2603
8280,-1
8281,-1
8282,2604
8283,2605
8284,2606
8285,-1
8286,-1
8287,2607
8288,-1
8289,2238
8290,2239
8291,2240
8292,-1
8293,-1
8294,2241
8295,2242
8296,2243
8297,-1
8298,-1
8299,2244
8300,2245
8301,2246
8302,-1
8303,-1
8304,2247
8305,2248
8306,2249
8307,-1
8308,-1
8309,2250
8310,2251
8311,2252
8312,-1
8313,-1
8314,2253
8315,2254
8316,2255
8317,-1
8318,-1
8319,2256
8320,-1
8321,3243
8322,3244
8323,3245
8324,-1
8325,-1
8326,3246
8327,3247
8328,3248
8329,-1
8330,-1
8331,3249
8332,3250
8333,3251
8334,-1
8335,-1
8336,3252
8337,3253
8338,3254
8339,-1
8340,-1
8341,3255
8342,3256
8343,3257
8344,-1
8345,-1
8346,3258
8347,3259
8348,3260
8349,-1
8350,-1
8351,-1
8352,-1
8353,2892
8354,2893
8355,2894
8356,-1
8357,-1
8358,2895
8359,2896
8360,2897
8361,-1
8362,-1
8363,2898
8364,2899
8365,2900
8366,-1
8367,-1
8368,2901
8369,2902
8370,2903
8371,-1
8372,-1
8373,2904
8374,2905
8375,2906
8376,-1
8377,-1
8378,2907
8379,2908
8380,2909
8381,-1
8382,-1
8383,2910
8384,-1
8385,3966
8386,3967
8387,3968
8388,-1
8389,-1
8390,3969
8391,3970
8392,3971
8393,-1
8394,-1
8395,3972
8396,3973
8397,3974
8398,-1
8399,-1
8400,3975
8401,3976
8402,3977
8403,-1
8404,-1
8405,3978
8406,3979
8407,3980
8408,-1
8409,-1
8410,-1
8411,-1
8412,-1
8413,-1
8414,-1
8415,-1
8416,-1
8417,3612
8418,3613
8419,3614
8420,-1
8421,-1
8422,3615
8423,3616
8424,3617
8425,-1
8426,-1
8427,3618
8428,3619
8429,3620
8430,-1
8431,-1
8432,3621
8433,3622
8434,3623
8435,-1
8436,-1
8437,3624
8438,3625
8439,3626
8440,-1
8441,-1
8442,3627
8443,3628
8444,3629
8445,-1
8446,-1
8447,3630
8448,-1
8449,4686
8450,4687
8451,4688
8452,-1
8453,-1
8454,4689
8455,4690
8456,4691
8457,-1
8458,-1
8459,4692
8460,4693
8461,4694
8462,-1
8463,-1
8464,4695
8465,4696
8466,4697
8467,-1
8468,-1
8469,4698
8470,4699
8471,4700
8472,-1
8473,-1
8474,-1
8475,-1
8476,-1
8477,-1
8478,-1
8479,-1
8480,-1
8481,4335
8482,4336
8483,4337
8484,-1
8485,-1
8486,4338
8487,4339
8488,4340
8489,-1
8490,-1
8491,4341
8492,4342
8493,4343
8494,-1
8495,-1
8496,4344
8497,4345
8498,4346
8499,-1
8500,-1
8501,4347
8502,4348
8503,4349
8504,-1
8505,-1
8506,4350
8507,4351
8508,4352
8509,-1
8510,-1
8511,4353
8512,-1
8513,5406
8514,5407
8515,5408
8516,-1
8517,-1
8518,5409
8519,5410
8520,5411
8521,-1
8522,-1
8523,5412
8524,5413
8525,5414
8526,-1
8527,-1
8528,-1
8529,-1
8530,-1
8531,-1
8532,-1
8533,-1
8534,-1
8535,-1
8536,-1
8537,-1
8538,-1
8539,-1
8540,-1
8541,-1
8542,-1
8543,-1
8544,-1
8545,5055
8546,5056
8547,5057
8548,-1
8549,-1
8550,5058
8551,5059
8552,5060
8553,-1
8554,-1
8555,5061
8556,5062
8557,5063
8558,-1
8559,-1
8560,5064
8561,5065
8562,5066
8563,-1
8564,-1
8565,5067
8566,5068
8567,5069
8568,-1
8569,-1
8570,5070
8571,5071
8572,5072
8573,-1
8574,-1
8575,5073
8576,-1
8577,5979
8578,5980
8579,5981
8580,-1
8581,-1
8582,5982
8583,5983
8584,5984
8585,-1
8586,-1
8587,5985
8588,5986
8589,5987
8590,-1
8591,-1
8592,5988
8593,5989
8594,5990
8595,-1
8596,-1
8597,-1
8598,-1
8599,-1
8600,-1
8601,-1
8602,-1
8603,-1
8604,-1
8605,-1
8606,-1
8607,-1
8608,-1
8609,6270
8610,6271
8611,6272
8612,-1
8613,-1
8614,6273
8615,6274
8616,6275
8617,-1
8618,-1
8619,6276
8620,6277
8621,6278
8622,-1
8623,-1
8624,6279
8625,6280
8626,6281
8627,-1
8628,-1
8629,6282
8630,6283
8631,6284
8632,-1
8633,-1
8634,6285
8635,6286
8636,6287
8637,-1
8638,-1
8639,6288
8640,-1
8641,6696
8642,6697
8643,6698
8644,-1
8645,-1
8646,6699
8647,6700
8648,6701
8649,-1
8650,-1
8651,6702
8652,6703
8653,6704
8654,-1
8655,-1
8656,6705
8657,6706
8658,6707
8659,-1
8660,-1
8661,-1
8662,-1
8663,-1
8664,-1
8665,-1
8666,-1
8667,-1
8668,-1
8669,-1
8670,-1
8671,-1
8672,-1
8673,6987
8674,6988
8675,6989
8676,-1
8677,-1
8678,6990
8679,6991
8680,6992
8681,-1
8682,-1
8683,6993
8684,6994
8685,6995
8686,-1
8687,-1
8688,6996
8689,6997
8690,6998
8691,-1
8692,-1
8693,6999
8694,7000
8695,7001
8696,-1
8697,-1
8698,7002
8699,7003
8700,7004
8701,-1
8702,-1
8703,7005
8704,-1
8705,7416
8706,7417
8707,7418
8708,-1
8709,-1
8710,7419
8711,7420
8712,7421
8713,-1
8714,-1
8715,7422
8716,7423
8717,7424
8718,-1
8719,-1
8720,7425
8721,7426
8722,7427
8723,-1
8724,-1
8725,7428
8726,7429
8727,7430
8728,-1
8729,-1
8730,-1
8731,-1
8732,-1
8733,-1
8734,-1
8735,-1
8736,-1
8737,7704
8738,7705
8739,7706
8740,-1
8741,-1
8742,7707
8743,7708
8744,7709
8745,-1
8746,-1
8747,7710
8748,7711
8749,7712
8750,-1
8751,-1
8752,7713
8753,7714
8754,7715
8755,-1
8756,-1
8757,7716
8758,7717
8759,7718
8760,-1
8761,-1
8762,7719
8763,7720
8764,7721
8765,-1
8766,-1
8767,7722
8768,-1
8769,8136
8770,8137
8771,8138
8772,-1
8773,-1
8774,8139
8775,8140
8776,8141
8777,-1
8778,-1
8779,8142
8780,8143
8781,8144
8782,-1
8783,-1
8784,8145
8785,8146
8786,8147
8787,-1
8788,-1
8789,8148
8790,8149
8791,8150
8792,-1
8793,-1
8794,-1
8795,-1
8796,-1
8797,-1
8798,-1
8799,-1
8800,-1
8801,8424
8802,8425
8803,8426
8804,-1
8805,-1
8806,8427
8807,8428
8808,8429
8809,-1
8810,-1
8811,8430
8812,8431
8813,8432
8814,-1
8815,-1
8816,8433
8817,8434
8818,8435
8819,-1
8820,-1
8821,8436
8822,8437
8823,8438
8824,-1
8825,-1
8826,8439
8827,8440
8828,8441
8829,-1
8830,-1
8831,8442
8832,-1
8833,-1
8834,-1
8835,-1
8836,-1
8837,-1
8838,-1
8839,-1
8840,-1
8841,-1
8842,-1
8843,-1
8844,-1
8845,-1
8846,-1
8847,-1
8848,-1
8849,-1
8850,-1
8851,-1
8852,-1
8853,-1
8854,-1
8855,-1
8856,-1
8857,-1
8858,-1
8859,-1
8860,-1
8861,-1
8862,-1
8863,-1
8864,-1
8865,9213
8866,9214
8867,9215
8868,-1
8869,-1
8870,9216
8871,9217
8872,9218
8873,-1
8874,-1
8875,9219
8876,9220
8877,9221
8878,-1
8879,-1
8880,9222
8881,9223
8882,9224
8883,-1
8884,-1
8885,9225
8886,9226
8887,9227
8888,-1
8889,-1
8890,9228
8891,9229
8892,9230
8893,-1
8894,-1
8895,9231
8896,-1
8897,-1
8898,-1
8899,-1
8900,-1
8901,-1
8902,-1
8903,-1
8904,-1
8905,-1
8906,-1
8907,-1
8908,-1
8909,-1
8910,-1
8911,-1
8912,-1
8913,-1
8914,-1
8915,-1
8916,-1
8917,-1
8918,-1
8919,-1
8920,-1
8921,-1
8922,-1
8923,-1
8924,-1
8925,-1
8926,-1
8927,-1
8928,-1
8929,9930
8930,9931
8931,9932
8932,-1
8933,-1
8934,9933
8935,9934
8936,9935
8937,-1
8938,-1
8939,9936
8940,9937
8941,9938
8942,-1
8943,-1
8944,9939
8945,9940
8946,9941
8947,-1
8948,-1
8949,9942
8950,9943
8951,9944
8952,-1
8953,-1
8954,9945
8955,9946
8956,9947
8957,-1
8958,-1
8959,9948
8960,-1
8961,-1
8962,-1
8963,-1
8964,-1
8965,-1
8966,-1
8967,-1
8968,-1
8969,-1
8970,-1
8971,-1
8972,-1
8973,-1
8974,-1
8975,-1
8976,-1
8977,-1
8978,-1
8979,-1
8980,-1
8981,-1
8982,-1
8983,-1
8984,-1
8985,-1
8986,-1
8987,-1
8988,-1
8989,-1
8990,-1
8991,-1
8992,-1
8993,10647
8994,10648
8995,10649
8996,-1
8997,-1
8998,10650
8999,10651
9000,10652
9001,-1
9002,-1
9003,10653
9004,10654
9005,10655
9006,-1
9007,-1
9008,10656
9009,10657
9010,10658
9011,-1
9012,-1
9013,10659
9014,10660
9015,10661
9016,-1
9017,-1
9018,10662
9019,10663
9020,10664
9021,-1
9022,-1
9023,10665
9024,-1
9025,-1
9026,-1
9027,-1
9028,-1
9029,-1
9030,-1
9031,-1
9032,-1
9033,-1
9034,-1
9035,-1
9036,-1
9037,-1
9038,-1
9039,-1
9040,-1
9041,-1
9042,-1
9043,-1
9044,-1
9045,-1
9046,-1
9047,-1
9048,-1
9049,-1
9050,-1
9051,-1
9052,-1
9053,-1
9054,-1
9055,-1
9056,-1
9057,11367
9058,11368
9059,11369
9060,-1
9061,-1
9062,11370
9063,11371
9064,11372
9065,-1
9066,-1
9067,11373
9068,11374
9069,11375
9070,-1
9071,-1
9072,11376
9073,11377
9074,11378
9075,-1
9076,-1
9077,11379
9078,11380
9079,11381
9080,-1
9081,-1
9082,11382
9083,11383
9084,11384
9085,-1
9086,-1
9087,11385
9088,-1
9089,11655
9090,11656
9091,11657
9092,-1
9093,-1
9094,11658
9095,11659
9096,11660
9097,-1
9098,-1
9099,11661
9100,11662
9101,11663
9102,-1
9103,-1
9104,11664
9105,11665
9106,11666
9107,-1
9108,-1
9109,11667
9110,11668
9111,11669
9112,-1
9113,-1
9114,11670
9115,11671
9116,11672
9117,-1
9118,-1
9119,11673
9120,-1
9121,11952
9122,11953
9123,11954
9124,-1
9125,-1
9126,11955
9127,11956
9128,11957
9129,-1
9130,-1
9131,11958
9132,11959
9133,11960
9134,-1
9135,-1
9136,11961
9137,11962
9138,11963
9139,-1
9140,-1
9141,11964
9142,11965
9143,11966
9144,-1
9145,-1
9146,11967
9147,11968
9148,11969
9149,-1
9150,-1
9151,11970
9152,-1
9153,12375
9154,12376
9155,12377
9156,-1
9157,-1
9158,12378
9159,12379
9160,12380
9161,-1
9162,-1
9163,12381
9164,12382
9165,12383
9166,-1
9167,-1
9168,12384
9169,12385
9170,12386
9171,-1
9172,-1
9173,12387
9174,12388
9175,12389
9176,-1
9177,-1
9178,12390
9179,12391
9180,12392
9181,-1
9182,-1
9183,12393
9184,-1
9185,12735
9186,12736
9187,12737
9188,-1
9189,-1
9190,12738
9191,12739
9192,12740
9193,-1
9194,-1
9195,12741
9196,12742
9197,12743
9198,-1
9199,-1
9200,-1
9201,-1
9202,-1
9203,-1
9204,-1
9205,-1
9206,-1
9207,-1
9208,-1
9209,-1
9210,-1
9211,-1
9212,-1
9213,-1
9214,-1
9215,-1
9216,451
9217,452
9218,-1
9219,-1
9220,453
9221,454
9222,455
9223,-1
9224,-1
9225,456
9226,457
9227,458
9228,-1
9229,-1
9230,459
9231,460
9232,461
9233,-1
9234,-1
9235,462
9236,463
9237,464
9238,-1
9239,-1
9240,465
9241,466
9242,467
9243,-1
9244,-1
9245,-1
9246,-1
9247,-1
9248,91
9249,92
9250,-1
9251,-1
9252,93
9253,94
9254,95
9255,-1
9256,-1
9257,96
9258,97
9259,98
9260,-1
9261,-1
9262,99
9263,100
9264,101
9265,-1
9266,-1
9267,102
9268,103
9269,104
9270,-1
9271,-1
9272,105
9273,106
9274,107
9275,-1
9276,-1
9277,108
9278,109
9279,110
9280,1168
9281,1169
9282,-1
9283,-1
9284,1170
9285,1171
9286,1172
9287,-1
9288,-1
9289,1173
9290,1174
9291,1175
9292,-1
9293,-1
9294,1176
9295,1177
9296,1178
9297,-1
9298,-1
9299,1179
9300,1180
9301,1181
9302,-1
9303,-1
9304,-1
9305,-1
9306,-1
9307,-1
9308,-1
9309,-1
9310,-1
9311,-1
9312,814
9313,815
9314,-1
9315,-1
9316,816
9317,817
9318,818
9319,-1
9320,-1
9321,819
9322,820
9323,821
9324,-1
9325,-1
9326,822
9327,823
9328,824
9329,-1
9330,-1
9331,825
9332,826
9333,827
9334,-1
9335,-1
9336,828
9337,829
9338,830
9339,-1
9340,-1
9341,831
9342,832
9343,833
9344,1888
9345,1889
9346,-1
9347,-1
9348,1890
9349,1891
9350,1892
9351,-1
9352,-1
9353,1893
9354,1894
9355,1895
9356,-1
9357,-1
9358,-1
9359,-1
9360,-1
9361,-1
9362,-1
9363,-1
9364,-1
9365,-1
9366,-1
9367,-1
9368,-1
9369,-1
9370,-1
9371,-1
9372,-1
9373,-1
9374,-1
9375,-1
9376,1537
9377,1538
9378,-1
9379,-1
9380,1539
9381,1540
9382,1541
9383,-1
9384,-1
9385,1542
9386,1543
9387,1544
9388,-1
9389,-1
9390,1545
9391,1546
9392,1547
9393,-1
9394,-1
9395,1548
9396,1549
9397,1550
9398,-1
9399,-1
9400,1551
9401,1552
9402,1553
9403,-1
9404,-1
9405,1554
9406,1555
9407,1556
9408,2608
9409,2609
9410,-1
9411,-1
9412,2610
9413,2611
9414,2612
9415,-1
9416,-1
9417,2613
9418,2614
9419,2615
9420,-1
9421,-1
9422,-1
9423,-1
9424,-1
9425,-1
9426,-1
9427,-1
9428,-1
9429,-1
9430,-1
9431,-1
9432,-1
9433,-1
9434,-1
9435,-1
9436,-1
9437,-1
9438,-1
9439,-1
9440,2257
9441,2258
9442,-1
9443,-1
9444,2259
9445,2260
9446,2261
9447,-1
9448,-1
9449,2262
9450,2263
9451,2264
9452,-1
9453,-1
9454,2265
9455,2266
9456,2267
9457,-1
9458,-1
9459,2268
9460,2269
9461,2270
9462,-1
9463,-1
9464,2271
9465,2272
9466,2273
9467,-1
9468,-1
9469,2274
9470,2275
9471,2276
9472,-1
9473,-1
9474,-1
9475,-1
9476,-1
9477,-1
9478,-1
9479,-1
9480,-1
9481,-1
9482,-1
9483,-1
9484,-1
9485,-1
9486,-1
9487,-1
9488,-1
9489,-1
9490,-1
9491,-1
9492,-1
9493,-1
9494,-1
9495,-1
9496,-1
9497,-1
9498,-1
9499,-1
9500,-1
9501,-1
9502,-1
9503,-1
9504,2911
9505,2912
9506,-1
9507,-1
9508,2913
9509,2914
9510,2915
9511,-1
9512,-1
9513,2916
9514,2917
9515,2918
9516,-1
9517,-1
9518,-1
9519,-1
9520,-1
9521,-1
9522,-1
9523,-1
9524,-1
9525,-1
9526,-1
9527,-1
9528,-1
9529,-1
9530,-1
9531,-1
9532,-1
9533,-1
9534,-1
9535,-1
9536,-1
9537,-1
9538,-1
9539,-1
9540,-1
9541,-1
9542,-1
9543,-1
9544,-1
9545,-1
9546,-1
9547,-1
9548,-1
9549,-1
9550,-1
9551,-1
9552,-1
9553,-1
9554,-1
9555,-1
9556,-1
9557,-1
9558,-1
9559,-1
9560,-1
9561,-1
9562,-1
9563,-1
9564,-1
9565,-1
9566,-1
9567,-1
9568,3631
9569,3632
9570,-1
9571,-1
9572,3633
9573,3634
9574,3635
9575,-1
9576,-1
9577,3636
9578,3637
9579,3638
9580,-1
9581,-1
9582,-1
9583,-1
9584,-1
9585,-1
9586,-1
9587,-1
9588,-1
9589,-1
9590,-1
9591,-1
9592,-1
9593,-1
9594,-1
9595,-1
9596,-1
9597,-1
9598,-1
9599,-1
9600,-1
9601,-1
9602,-1
9603,-1
9604,-1
9605,-1
9606,-1
9607,-1
9608,-1
9609,-1
9610,-1
9611,-1
9612,-1
9613,-1
9614,-1
9615,-1
9616,-1
9617,-1
9618,-1
9619,-1
9620,-1
9621,-1
9622,-1
9623,-1
9624,-1
9625,-1
9626,-1
9627,-1
9628,-1
9629,-1
9630,-1
9631,-1
9632,4354
9633,4355
9634,-1
9635,-1
9636,4356
9637,4357
9638,4358
9639,-1
9640,-1
9641,-1
9642,-1
9643,-1
9644,-1
9645,-1
9646,-1
9647,-1
9648,-1
9649,-1
9650,-1
9651,-1
9652,-1
9653,-1
9654,-1
9655,-1
9656,-1
9657,-1
9658,-1
9659,-1
9660,-1
9661,-1
9662,-1
9663,-1
9664,-1
9665,-1
9666,-1
9667,-1
9668,-1
9669,-1
9670,-1
9671,-1
9672,-1
9673,-1
9674,-1
9675,-1
9676,-1
9677,-1
9678,-1
9679,-1
9680,-1
9681,-1
9682,-1
9683,-1
9684,-1
9685,-1
9686,-1
9687,-1
9688,-1
9689,-1
9690,-1
9691,-1
9692,-1
9693,-1
9694,-1
9695,-1
9696,5074
9697,5075
9698,-1
9699,-1
9700,-1
9701,-1
9702,-1
9703,-1
9704,-1
9705,-1
9706,-1
9707,-1
9708,-1
9709,-1
9710,-1
9711,-1
9712,-1
9713,-1
9714,-1
9715,-1
9716,-1
9717,-1
9718,-1
9719,-1
9720,-1
9721,-1
9722,-1
9723,-1
9724,-1
9725,-1
9726,-1
9727,-1
9728,-1
9729,-1
9730,-1
9731,-1
9732,-1
9733,-1
9734,-1
9735,-1
9736,-1
9737,-1
9738,-1
9739,-1
9740,-1
9741,-1
9742,-1
9743,-1
9744,-1
9745,-1
9746,-1
9747,-1
9748,-1
9749,-1
9750,-1
9751,-1
9752,-1
9753,-1
9754,-1
9755,-1
9756,-1
9757,-1
9758,-1
9759,-1
9760,6289
9761,6290
9762,-1
9763,-1
9764,6291
9765,6292
9766,6293
9767,-1
9768,-1
9769,6294
9770,6295
9771,6296
9772,-1
9773,-1
9774,6297
9775,6298
9776,6299
9777,-1
9778,-1
9779,6300
9780,6301
9781,6302
9782,-1
9783,-1
9784,6303
9785,6304
9786,6305
9787,-1
9788,-1
9789,6306
9790,6307
9791,6308
9792,-1
9793,-1
9794,-1
9795,-1
9796,-1
9797,-1
9798,-1
9799,-1
9800,-1
9801,-1
9802,-1
9803,-1
9804,-1
9805,-1
9806,-1
9807,-1
9808,-1
9809,-1
9810,-1
9811,-1
9812,-1
9813,-1
9814,-1
9815,-1
9816,-1
9817,-1
9818,-1
9819,-1
9820,-1
9821,-1
9822,-1
9823,-1
9824,7006
9825,7007
9826,-1
9827,-1
9828,7008
9829,7009
9830,7010
9831,-1
9832,-1
9833,7011
9834,7012
9835,7013
9836,-1
9837,-1
9838,7014
9839,7015
9840,7016
9841,-1
9842,-1
9843,7017
9844,7018
9845,7019
9846,-1
9847,-1
9848,7020
9849,7021
9850,7022
9851,-1
9852,-1
9853,7023
9854,7024
9855,7025
9856,-1
9857,-1
9858,-1
9859,-1
9860,-1
9861,-1
9862,-1
9863,-1
9864,-1
9865,-1
9866,-1
9867,-1
9868,-1
9869,-1
9870,-1
9871,-1
9872,-1
9873,-1
9874,-1
9875,-1
9876,-1
9877,-1
9878,-1
9879,-1
9880,-1
9881,-1
9882,-1
9883,-1
9884,-1
9885,-1
9886,-1
9887,-1
9888,7723
9889,7724
9890,-1
9891,-1
9892,7725
9893,7726
9894,7727
9895,-1
9896,-1
9897,7728
9898,7729
9899,7730
9900,-1
9901,-1
9902,7731
9903,7732
9904,7733
9905,-1
9906,-1
9907,7734
9908,7735
9909,7736
9910,-1
9911,-1
9912,7737
9913,7738
9914,7739
9915,-1
9916,-1
9917,7740
9918,7741
9919,7742
9920,-1
9921,-1
9922,-1
9923,-1
9924,-1
9925,-1
9926,-1
9927,-1
9928,-1
9929,-1
9930,-1
9931,-1
9932,-1
9933,-1
9934,-1
9935,-1
9936,-1
9937,-1
9938,-1
9939,-1
9940,-1
9941,-1
9942,-1
9943,-1
9944,-1
9945,-1
9946,-1
9947,-1
9948,-1
9949,-1
9950,-1
9951,-1
9952,8443
9953,8444
9954,-1
9955,-1
9956,8445
9957,8446
9958,8447
9959,-1
9960,-1
9961,8448
9962,8449
9963,8450
9964,-1
9965,-1
9966,8451
9967,8452
9968,8453
9969,-1
9970,-1
9971,8454
9972,8455
9973,8456
9974,-1
9975,-1
9976,8457
9977,8458
9978,8459
9979,-1
9980,-1
9981,8460
9982,8461
9983,8462
9984,-1
9985,-1
9986,-1
9987,-1
9988,-1
9989,-1
9990,-1
9991,-1
9992,-1
9993,-1
9994,-1
9995,-1
9996,-1
9997,-1
9998,-1
9999,-1
10000,-1
10001,-1
10002,-1
10003,-1
10004,-1
10005,-1
10006,-1
10007,-1
10008,-1
10009,-1
10010,-1
10011,-1
10012,-1
10013,-1
10014,-1
10015,-1
10016,9232
10017,9233
10018,-1
10019,-1
10020,9234
10021,9235
10022,9236
10023,-1
10024,-1
10025,9237
10026,9238
10027,9239
10028,-1
10029,-1
10030,9240
10031,9241
10032,9242
10033,-1
10034,-1
10035,9243
10036,9244
10037,9245
10038,-1
10039,-1
10040,9246
10041,9247
10042,9248
10043,-1
10044,-1
10045,9249
10046,9250
10047,9251
10048,-1
10049,-1
10050,-1
10051,-1
10052,-1
10053,-1
10054,-1
10055,-1
10056,-1
10057,-1
10058,-1
10059,-1
10060,-1
10061,-1
10062,-1
10063,-1
10064,-1
10065,-1
10066,-1
10067,-1
10068,-1
10069,-1
10070,-1
10071,-1
10072,-1
10073,-1
10074,-1
10075,-1
10076,-1
10077,-1
10078,-1
10079,-1
10080,9949
10081,9950
10082,-1
10083,-1
10084,9951
10085,9952
10086,9953
10087,-1
10088,-1
10089,9954
10090,9955
10091,9956
10092,-1
10093,-1
10094,9957
10095,9958
10096,9959
10097,-1
10098,-1
10099,9960
10100,9961
10101,9962
10102,-1
10103,-1
10104,9963
10105,9964
10106,9965
10107,-1
10108,-1
10109,9966
10110,9967
10111,9968
10112,-1
10113,-1
10114,-1
10115,-1
10116,-1
10117,-1
10118,-1
10119,-1
10120,-1
10121,-1
10122,-1
10123,-1
10124,-1
10125,-1
10126,-1
10127,-1
10128,-1
10129,-1
10130,-1
10131,-1
10132,-1
10133,-1
10134,-1
10135,-1
10136,-1
10137,-1
10138,-1
10139,-1
10140,-1
10141,-1
10142,-1
10143,-1
10144,10666
10145,10667
10146,-1
10147,-1
10148,10668
10149,10669
10150,10670
10151,-1
10152,-1
10153,10671
10154,10672
10155,10673
10156,-1
10157,-1
10158,10674
10159,10675
10160,10676
10161,-1
10162,-1
10163,10677
10164,10678
10165,10679
10166,-1
10167,-1
10168,10680
10169,10681
10170,10682
10171,-1
10172,-1
10173,10683
10174,10684
10175,10685
10176,-1
10177,-1
10178,-1
10179,-1
10180,-1
10181,-1
10182,-1
10183,-1
10184,-1
10185,-1
10186,-1
10187,-1
10188,-1
10189,-1
10190,-1
10191,-1
10192,-1
10193,-1
10194,-1
10195,-1
10196,-1
10197,-1
10198,-1
10199,-1
10200,-1
10201,-1
10202,-1
10203,-1
10204,-1
10205,-1
10206,-1
10207,-1
10208,11386
10209,11387
10210,-1
10211,-1
10212,11388
10213,11389
10214,11390
10215,-1
10216,-1
10217,11391
10218,11392
10219,11393
10220,-1
10221,-1
10222,11394
10223,11395
10224,11396
10225,-1
10226,-1
10227,11397
10228,11398
10229,11399
10230,-1
10231,-1
10232,11400
10233,11401
10234,11402
10235,-1
10236,-1
10237,11403
10238,11404
10239,11405
10240,11674
10241,11675
10242,-1
10243,-1
10244,11676
10245,11677
10246,11678
10247,-1
10248,-1
10249,11679
10250,11680
10251,11681
10252,-1
10253,-1
10254,11682
10255,11683
10256,11684
10257,-1
10258,-1
10259,-1
10260,-1
10261,-1
10262,-1
10263,-1
10264,-1
10265,-1
10266,-1
10267,-1
10268,-1
10269,-1
10270,-1
10271,-1
10272,11971
10273,11972
10274,-1
10275,-1
10276,11973
10277,11974
10278,11975
10279,-1
10280,-1
10281,11976
10282,11977
10283,11978
10284,-1
10285,-1
10286,11979
10287,11980
10288,11981
10289,-1
10290,-1
10291,11982
10292,11983
10293,11984
10294,-1
10295,-1
10296,11985
10297,11986
10298,11987
10299,-1
10300,-1
10301,-1
10302,-1
10303,-1
10304,12394
10305,12395
10306,-1
10307,-1
10308,12396
10309,12397
10310,12398
10311,-1
10312,-1
10313,12399
10314,12400
10315,12401
10316,-1
10317,-1
10318,12402
10319,12403
10320,12404
10321,-1
10322,-1
10323,12405
10324,12406
10325,12407
10326,-1
10327,-1
10328,12408
10329,12409
10330,12410
10331,-1
10332,-1
10333,12411
10334,12412
10335,12413
10336,-1
10337,-1
10338,-1
10339,-1
10340,-1
10341,-1
10342,-1
10343,-1
10344,-1
10345,-1
10346,-1
10347,-1
10348,-1
10349,-1
10350,-1
10351,-1
10352,-1
10353,-1
10354,-1
10355,-1
10356,-1
10357,-1
10358,-1
10359,-1
10360,-1
10361,-1
10362,-1
10363,-1
10364,-1
10365,-1
10366,-1
10367,-1
10368,-1
10369,-1
10370,-1
10371,-1
10372,-1
10373,-1
10374,-1
10375,-1
10376,-1
10377,-1
10378,-1
10379,-1
10380,-1
10381,-1
10382,-1
10383,-1
10384,-1
10385,-1
10386,-1
10387,-1
10388,-1
10389,-1
10390,-1
10391,-1
10392,-1
10393,-1
10394,-1
10395,-1
10396,-1
10397,-1
10398,-1
10399,-1
10400,-1
10401,-1
10402,111
10403,112
10404,113
10405,-1
10406,-1
10407,114
10408,115
10409,116
10410,-1
10411,-1
10412,117
10413,118
10414,119
10415,-1
10416,-1
10417,120
10418,121
10419,122
10420,-1
10421,-1
10422,123
10423,124
10424,125
10425,-1
10426,-1
10427,126
10428,127
10429,128
10430,-1
10431,-1
10432,-1
10433,-1
10434,-1
10435,-1
10436,-1
10437,-1
10438,-1
10439,-1
10440,-1
10441,-1
10442,-1
10443,-1
10444,-1
10445,-1
10446,-1
10447,-1
10448,-1
10449,-1
10450,-1
10451,-1
10452,-1
10453,-1
10454,-1
10455,-1
10456,-1
10457,-1
10458,-1
10459,-1
10460,-1
10461,-1
10462,-1
10463,-1
10464,-1
10465,-1
10466,834
10467,835
10468,836
10469,-1
10470,-1
10471,837
10472,838
10473,839
10474,-1
10475,-1
10476,840
10477,841
10478,842
10479,-1
10480,-1
10481,843
10482,844
10483,845
10484,-1
10485,-1
10486,846
10487,847
10488,848
10489,-1
10490,-1
10491,849
10492,850
10493,851
10494,-1
10495,-1
10496,-1
10497,-1
10498,-1
10499,-1
10500,-1
10501,-1
10502,-1
10503,-1
10504,-1
10505,-1
10506,-1
10507,-1
10508,-1
10509,-1
10510,-1
10511,-1
10512,-1
10513,-1
10514,-1
10515,-1
10516,-1
10517,-1
10518,-1
10519,-1
10520,-1
10521,-1
10522,-1
10523,-1
10524,-1
10525,-1
10526,-1
10527,-1
10528,-1
10529,-1
10530,1557
10531,1558
10532,1559
10533,-1
10534,-1
10535,1560
10536,1561
10537,1562
10538,-1
10539,-1
10540,1563
10541,1564
10542,1565
10543,-1
10544,-1
10545,1566
10546,1567
10547,1568
10548,-1
10549,-1
10550,-1
10551,-1
10552,-1
10553,-1
10554,-1
10555,-1
10556,-1
10557,-1
10558,-1
10559,-1
10560,-1
10561,-1
10562,-1
10563,-1
10564,-1
10565,-1
10566,-1
10567,-1
10568,-1
10569,-1
10570,-1
10571,-1
10572,-1
10573,-1
10574,-1
10575,-1
10576,-1
10577,-1
10578,-1
10579,-1
10580,-1
10581,-1
10582,-1
10583,-1
10584,-1
10585,-1
10586,-1
10587,-1
10588,-1
10589,-1
10590,-1
10591,-1
10592,-1
10593,-1
10594,2277
10595,2278
10596,2279
10597,-1
10598,-1
10599,2280
10600,2281
10601,2282
10602,-1
10603,-1
10604,2283
10605,2284
10606,2285
10607,-1
10608,-1
10609,2286
10610,2287
10611,2288
10612,-1
10613,-1
10614,-1
10615,-1
10616,-1
10617,-1
10618,-1
10619,-1
10620,-1
10621,-1
10622,-1
10623,-1
10624,-1
10625,-1
10626,-1
10627,-1
10628,-1
10629,-1
10630,-1
10631,-1
10632,-1
10633,-1
10634,-1
10635,-1
10636,-1
10637,-1
10638,-1
10639,-1
10640,-1
10641,-1
10642,-1
10643,-1
10644,-1
10645,-1
10646,-1
10647,-1
10648,-1
10649,-1
10650,-1
10651,-1
10652,-1
10653,-1
10654,-1
10655,-1
10656,-1
10657,-1
10658,-1
10659,-1
10660,-1
10661,-1
10662,-1
10663,-1
10664,-1
10665,-1
10666,-1
10667,-1
10668,-1
10669,-1
10670,-1
10671,-1
10672,-1
10673,-1
10674,-1
10675,-1
10676,-1
10677,-1
10678,-1
10679,-1
10680,-1
10681,-1
10682,-1
10683,-1
10684,-1
10685,-1
10686,-1
10687,-1
10688,-1
10689,-1
10690,-1
10691,-1
10692,-1
10693,-1
10694,-1
10695,-1
10696,-1
10697,-1
10698,-1
10699,-1
10700,-1
10701,-1
10702,-1
10703,-1
10704,-1
10705,-1
10706,-1
10707,-1
10708,-1
10709,-1
10710,-1
10711,-1
10712,-1
10713,-1
10714,-1
10715,-1
10716,-1
10717,-1
10718,-1
10719,-1
10720,-1
10721,-1
10722,-1
10723,-1
10724,-1
10725,-1
10726,-1
10727,-1
10728,-1
10729,-1
10730,-1
10731,-1
10732,-1
10733,-1
10734,-1
10735,-1
10736,-1
10737,-1
10738,-1
10739,-1
10740,-1
10741,-1
10742,-1
10743,-1
10744,-1
10745,-1
10746,-1
10747,-1
10748,-1
10749,-1
10750,-1
10751,-1
10752,-1
10753,-1
10754,-1
10755,-1
10756,-1
10757,-1
10758,-1
10759,-1
10760,-1
10761,-1
10762,-1
10763,-1
10764,-1
10765,-1
10766,-1
10767,-1
10768,-1
10769,-1
10770,-1
10771,-1
10772,-1
10773,-1
10774,-1
10775,-1
10776,-1
10777,-1
10778,-1
10779,-1
10780,-1
10781,-1
10782,-1
10783,-1
10784,-1
10785,-1
10786,-1
10787,-1
10788,-1
10789,-1
10790,-1
10791,-1
10792,-1
10793,-1
10794,-1
10795,-1
10796,-1
10797,-1
10798,-1
10799,-1
10800,-1
10801,-1
10802,-1
10803,-1
10804,-1
10805,-1
10806,-1
10807,-1
10808,-1
10809,-1
10810,-1
10811,-1
10812,-1
10813,-1
10814,-1
10815,-1
10816,-1
10817,-1
10818,-1
10819,-1
10820,-1
10821,-1
10822,-1
10823,-1
10824,-1
10825,-1
10826,-1
10827,-1
10828,-1
10829,-1
10830,-1
10831,-1
10832,-1
10833,-1
10834,-1
10835,-1
10836,-1
10837,-1
10838,-1
10839,-1
10840,-1
10841,-1
10842,-1
10843,-1
10844,-1
10845,-1
10846,-1
10847,-1
10848,-1
10849,-1
10850,-1
10851,-1
10852,-1
10853,-1
10854,-1
10855,-1
10856,-1
10857,-1
10858,-1
10859,-1
10860,-1
10861,-1
10862,-1
10863,-1
10864,-1
10865,-1
10866,-1
10867,-1
10868,-1
10869,-1
10870,-1
10871,-1
10872,-1
10873,-1
10874,-1
10875,-1
10876,-1
10877,-1
10878,-1
10879,-1
10880,-1
10881,-1
10882,-1
10883,-1
10884,-1
10885,-1
10886,-1
10887,-1
10888,-1
10889,-1
10890,-1
10891,-1
10892,-1
10893,-1
10894,-1
10895,-1
10896,-1
10897,-1
10898,-1
10899,-1
10900,-1
10901,-1
10902,-1
10903,-1
10904,-1
10905,-1
10906,-1
10907,-1
10908,-1
10909,-1
10910,-1
10911,-1
10912,-1
10913,-1
10914,6309
10915,6310
10916,6311
10917,-1
10918,-1
10919,6312
10920,6313
10921,6314
10922,-1
10923,-1
10924,6315
10925,6316
10926,6317
10927,-1
10928,-1
10929,6318
10930,6319
10931,6320
10932,-1
10933,-1
10934,-1
10935,-1
10936,-1
10937,-1
10938,-1
10939,-1
10940,-1
10941,-1
10942,-1
10943,-1
10944,-1
10945,-1
10946,-1
10947,-1
10948,-1
10949,-1
10950,-1
10951,-1
10952,-1
10953,-1
10954,-1
10955,-1
10956,-1
10957,-1
10958,-1
10959,-1
10960,-1
10961,-1
10962,-1
10963,-1
10964,-1
10965,-1
10966,-1
10967,-1
10968,-1
10969,-1
10970,-1
10971,-1
10972,-1
10973,-1
10974,-1
10975,-1
10976,-1
10977,-1
10978,7026
10979,7027
10980,7028
10981,-1
10982,-1
10983,7029
10984,7030
10985,7031
10986,-1
10987,-1
10988,7032
10989,7033
10990,7034
10991,-1
10992,-1
10993,7035
10994,7036
10995,7037
10996,-1
10997,-1
10998,-1
10999,-1
11000,-1
11001,-1
11002,-1
11003,-1
11004,-1
11005,-1
11006,-1
11007,-1
11008,-1
11009,-1
11010,-1
11011,-1
11012,-1
11013,-1
11014,-1
11015,-1
11016,-1
11017,-1
11018,-1
11019,-1
11020,-1
11021,-1
11022,-1
11023,-1
11024,-1
11025,-1
11026,-1
11027,-1
11028,-1
11029,-1
11030,-1
11031,-1
11032,-1
11033,-1
11034,-1
11035,-1
11036,-1
11037,-1
11038,-1
11039,-1
11040,-1
11041,-1
11042,7743
11043,7744
11044,7745
11045,-1
11046,-1
11047,7746
11048,7747
11049,7748
11050,-1
11051,-1
11052,7749
11053,7750
11054,7751
11055,-1
11056,-1
11057,7752
11058,7753
11059,7754
11060,-1
11061,-1
11062,-1
11063,-1
11064,-1
11065,-1
11066,-1
11067,-1
11068,-1
11069,-1
11070,-1
11071,-1
11072,-1
11073,-1
11074,-1
11075,-1
11076,-1
11077,-1
11078,-1
11079,-1
11080,-1
11081,-1
11082,-1
11083,-1
11084,-1
11085,-1
11086,-1
11087,-1
11088,-1
11089,-1
11090,-1
11091,-1
11092,-1
11093,-1
11094,-1
11095,-1
11096,-1
11097,-1
11098,-1
11099,-1
11100,-1
11101,-1
11102,-1
11103,-1
11104,-1
11105,-1
11106,8463
11107,8464
11108,8465
11109,-1
11110,-1
11111,8466
11112,8467
11113,8468
11114,-1
11115,-1
11116,8469
11117,8470
11118,8471
11119,-1
11120,-1
11121,8472
11122,8473
11123,8474
11124,-1
11125,-1
11126,-1
11127,-1
11128,-1
11129,-1
11130,-1
11131,-1
11132,-1
11133,-1
11134,-1
11135,-1
11136,-1
11137,-1
11138,-1
11139,-1
11140,-1
11141,-1
11142,-1
11143,-1
11144,-1
11145,-1
11146,-1
11147,-1
11148,-1
11149,-1
11150,-1
11151,-1
11152,-1
11153,-1
11154,-1
11155,-1
11156,-1
11157,-1
11158,-1
11159,-1
11160,-1
11161,-1
11162,-1
11163,-1
11164,-1
11165,-1
11166,-1
11167,-1
11168,-1
11169,-1
11170,9252
11171,9253
11172,9254
11173,-1
11174,-1
11175,-1
11176,-1
11177,-1
11178,-1
11179,-1
11180,-1
11181,-1
11182,-1
11183,-1
11184,-1
11185,-1
11186,-1
11187,-1
11188,-1
11189,-1
11190,-1
11191,-1
11192,-1
11193,-1
11194,-1
11195,-1
11196,-1
11197,-1
11198,-1
11199,-1
11200,-1
11201,-1
11202,-1
11203,-1
11204,-1
11205,-1
11206,-1
11207,-1
11208,-1
11209,-1
11210,-1
11211,-1
11212,-1
11213,-1
11214,-1
11215,-1
11216,-1
11217,-1
11218,-1
11219,-1
11220,-1
11221,-1
11222,-1
11223,-1
11224,-1
11225,-1
11226,-1
11227,-1
11228,-1
11229,-1
11230,-1
11231,-1
11232,-1
11233,-1
11234,9969
11235,9970
11236,9971
11237,-1
11238,-1
11239,-1
11240,-1
11241,-1
11242,-1
11243,-1
11244,-1
11245,-1
11246,-1
11247,-1
11248,-1
11249,-1
11250,-1
11251,-1
11252,-1
11253,-1
11254,-1
11255,-1
11256,-1
11257,-1
11258,-1
11259,-1
11260,-1
11261,-1
11262,-1
11263,-1
11264,-1
11265,-1
11266,-1
11267,-1
11268,-1
11269,-1
11270,-1
11271,-1
11272,-1
11273,-1
11274,-1
11275,-1
11276,-1
11277,-1
11278,-1
11279,-1
11280,-1
11281,-1
11282,-1
11283,-1
11284,-1
11285,-1
11286,-1
11287,-1
11288,-1
11289,-1
11290,-1
11291,-1
11292,-1
11293,-1
11294,-1
11295,-1
11296,-1
11297,-1
11298,10686
11299,10687
11300,10688
11301,-1
11302,-1
11303,-1
11304,-1
11305,-1
11306,-1
11307,-1
11308,-1
11309,-1
11310,-1
11311,-1
11312,-1
11313,-1
11314,-1
11315,-1
11316,-1
11317,-1
11318,-1
11319,-1
11320,-1
11321,-1
11322,-1
11323,-1
11324,-1
11325,-1
11326,-1
11327,-1
11328,-1
11329,-1
11330,-1
11331,-1
11332,-1
11333,-1
11334,-1
11335,-1
11336,-1
11337,-1
11338,-1
11339,-1
11340,-1
11341,-1
11342,-1
11343,-1
11344,-1
11345,-1
11346,-1
11347,-1
11348,-1
11349,-1
11350,-1
11351,-1
11352,-1
11353,-1
11354,-1
11355,-1
11356,-1
11357,-1
11358,-1
11359,-1
11360,-1
11361,-1
11362,-1
11363,-1
11364,-1
11365,-1
11366,-1
11367,-1
11368,-1
11369,-1
11370,-1
11371,-1
11372,-1
11373,-1
11374,-1
11375,-1
11376,-1
11377,-1
11378,-1
11379,-1
11380,-1
11381,-1
11382,-1
11383,-1
11384,-1
11385,-1
11386,-1
11387,-1
11388,-1
11389,-1
11390,-1
11391,-1
11392,-1
11393,-1
11394,-1
11395,-1
11396,-1
11397,-1
11398,-1
11399,-1
11400,-1
11401,-1
11402,-1
11403,-1
11404,-1
11405,-1
11406,-1
11407,-1
11408,-1
11409,-1
11410,-1
11411,-1
11412,-1
11413,-1
11414,-1
11415,-1
11416,-1
11417,-1
11418,-1
11419,-1
11420,-1
11421,-1
11422,-1
11423,-1
11424,-1
11425,-1
11426,-1
11427,-1
11428,-1
11429,-1
11430,-1
11431,-1
11432,-1
11433,-1
11434,-1
11435,-1
11436,-1
11437,-1
11438,-1
11439,-1
11440,-1
11441,-1
11442,-1
11443,-1
11444,-1
11445,-1
11446,-1
11447,-1
11448,-1
11449,-1
11450,-1
11451,-1
11452,-1
11453,-1
11454,-1
11455,-1
11456,-1
11457,-1
11458,12414
11459,12415
11460,12416
11461,-1
11462,-1
11463,12417
11464,12418
11465,12419
11466,-1
11467,-1
11468,12420
11469,12421
11470,12422
11471,-1
11472,-1
11473,12423
11474,12424
11475,12425
11476,-1
11477,-1
11478,12426
11479,12427
11480,12428
11481,-1
11482,-1
11483,12429
11484,12430
11485,12431
11486,-1
11487,-1
11488,-1
11489,-1
11490,-1
11491,-1
11492,-1
11493,-1
11494,-1
11495,-1
11496,-1
11497,-1
11498,-1
11499,-1
11500,-1
11501,-1
11502,-1
11503,-1
11504,-1
11505,-1
11506,-1
11507,-1
11508,-1
11509,-1
11510,-1
11511,-1
11512,-1
11513,-1
11514,-1
11515,-1
11516,-1
11517,-1
11518,-1
11519,-1
11520,-1
11521,-1
11522,-1
11523,-1
11524,-1
11525,-1
11526,-1
11527,-1
11528,-1
11529,-1
11530,-1
11531,-1
11532,-1
11533,-1
11534,-1
11535,-1
11536,-1
11537,-1
11538,-1
11539,-1
11540,-1
11541,-1
11542,-1
11543,-1
11544,-1
11545,-1
11546,-1
11547,-1
11548,-1
11549,-1
11550,-1
11551,-1
11552,129
11553,130
11554,131
11555,-1
11556,-1
11557,132
11558,133
11559,134
11560,-1
11561,-1
11562,-1
11563,-1
11564,-1
11565,-1
11566,-1
11567,-1
11568,-1
11569,-1
11570,-1
11571,-1
11572,-1
11573,-1
11574,-1
11575,-1
11576,-1
11577,-1
11578,-1
11579,-1
11580,-1
11581,-1
11582,-1
11583,-1
11584,-1
11585,-1
11586,-1
11587,-1
11588,-1
11589,-1
11590,-1
11591,-1
11592,-1
11593,-1
11594,-1
11595,-1
11596,-1
11597,-1
11598,-1
11599,-1
11600,-1
11601,-1
11602,-1
11603,-1
11604,-1
11605,-1
11606,-1
11607,-1
11608,-1
11609,-1
11610,-1
11611,-1
11612,-1
11613,-1
11614,-1
11615,-1
11616,-1
11617,-1
11618,-1
11619,-1
11620,-1
11621,-1
11622,-1
11623,-1
11624,-1
11625,-1
11626,-1
11627,-1
11628,-1
11629,-1
11630,-1
11631,-1
11632,-1
11633,-1
11634,-1
11635,-1
11636,-1
11637,-1
11638,-1
11639,-1
11640,-1
11641,-1
11642,-1
11643,-1
11644,-1
11645,-1
11646,-1
11647,-1
11648,-1
11649,-1
11650,-1
11651,-1
11652,-1
11653,-1
11654,-1
11655,-1
11656,-1
11657,-1
11658,-1
11659,-1
11660,-1
11661,-1
11662,-1
11663,-1
11664,-1
11665,-1
11666,-1
11667,-1
11668,-1
11669,-1
11670,-1
11671,-1
11672,-1
11673,-1
11674,-1
11675,-1
11676,-1
11677,-1
11678,-1
11679,-1
11680,-1
11681,-1
11682,-1
11683,-1
11684,-1
11685,-1
11686,-1
11687,-1
11688,-1
11689,-1
11690,-1
11691,-1
11692,-1
11693,-1
11694,-1
11695,-1
11696,-1
11697,-1
11698,-1
11699,-1
11700,-1
11701,-1
11702,-1
11703,-1
11704,-1
11705,-1
11706,-1
11707,-1
11708,-1
11709,-1
11710,-1
11711,-1
11712,-1
11713,-1
11714,-1
11715,-1
11716,-1
11717,-1
11718,-1
11719,-1
11720,-1
11721,-1
11722,-1
11723,-1
11724,-1
11725,-1
11726,-1
11727,-1
11728,-1
11729,-1
11730,-1
11731,-1
11732,-1
11733,-1
11734,-1
11735,-1
11736,-1
11737,-1
11738,-1
11739,-1
11740,-1
11741,-1
11742,-1
11743,-1
11744,-1
11745,-1
11746,-1
11747,-1
11748,-1
11749,-1
11750,-1
11751,-1
11752,-1
11753,-1
11754,-1
11755,-1
11756,-1
11757,-1
11758,-1
11759,-1
11760,-1
11761,-1
11762,-1
11763,-1
11764,-1
11765,-1
11766,-1
11767,-1
11768,-1
11769,-1
11770,-1
11771,-1
11772,-1
11773,-1
11774,-1
11775,-1
11776,-1
11777,-1
11778,-1
11779,-1
11780,-1
11781,-1
11782,-1
11783,-1
11784,-1
11785,-1
11786,-1
11787,-1
11788,-1
11789,-1
11790,-1
11791,-1
11792,-1
11793,-1
11794,-1
11795,-1
11796,-1
11797,-1
11798,-1
11799,-1
11800,-1
11801,-1
11802,-1
11803,-1
11804,-1
11805,-1
11806,-1
11807,-1
11808,-1
11809,-1
11810,-1
11811,-1
11812,-1
11813,-1
11814,-1
11815,-1
11816,-1
11817,-1
11818,-1
11819,-1
11820,-1
11821,-1
11822,-1
11823,-1
11824,-1
11825,-1
11826,-1
11827,-1
11828,-1
11829,-1
11830,-1
11831,-1
11832,-1
11833,-1
11834,-1
11835,-1
11836,-1
11837,-1
11838,-1
11839,-1
11840,-1
11841,-1
11842,-1
11843,-1
11844,-1
11845,-1
11846,-1
11847,-1
11848,-1
11849,-1
11850,-1
11851,-1
11852,-1
11853,-1
11854,-1
11855,-1
11856,-1
11857,-1
11858,-1
11859,-1
11860,-1
11861,-1
11862,-1
11863,-1
11864,-1
11865,-1
11866,-1
11867,-1
11868,-1
11869,-1
11870,-1
11871,-1
11872,-1
11873,-1
11874,-1
11875,-1
11876,-1
11877,-1
11878,-1
11879,-1
11880,-1
11881,-1
11882,-1
11883,-1
11884,-1
11885,-1
11886,-1
11887,-1
11888,-1
11889,-1
11890,-1
11891,-1
11892,-1
11893,-1
11894,-1
11895,-1
11896,-1
11897,-1
11898,-1
11899,-1
11900,-1
11901,-1
11902,-1
11903,-1
11904,-1
11905,-1
11906,-1
11907,-1
11908,-1
11909,-1
11910,-1
11911,-1
11912,-1
11913,-1
11914,-1
11915,-1
11916,-1
11917,-1
11918,-1
11919,-1
11920,-1
11921,-1
11922,-1
11923,-1
11924,-1
11925,-1
11926,-1
11927,-1
11928,-1
11929,-1
11930,-1
11931,-1
11932,-1
11933,-1
11934,-1
11935,-1
11936,-1
11937,-1
11938,-1
11939,-1
11940,-1
11941,-1
11942,-1
11943,-1
11944,-1
11945,-1
11946,-1
11947,-1
11948,-1
11949,-1
11950,-1
11951,-1
11952,-1
11953,-1
11954,-1
11955,-1
11956,-1
11957,-1
11958,-1
11959,-1
11960,-1
11961,-1
11962,-1
11963,-1
11964,-1
11965,-1
11966,-1
11967,-1
11968,-1
11969,-1
11970,-1
11971,-1
11972,-1
11973,-1
11974,-1
11975,-1
11976,-1
11977,-1
11978,-1
11979,-1
11980,-1
11981,-1
11982,-1
11983,-1
11984,-1
11985,-1
11986,-1
11987,-1
11988,-1
11989,-1
11990,-1
11991,-1
11992,-1
11993,-1
11994,-1
11995,-1
11996,-1
11997,-1
11998,-1
11999,-1
12000,-1
12001,-1
12002,-1
12003,-1
12004,-1
12005,-1
12006,-1
12007,-1
12008,-1
12009,-1
12010,-1
12011,-1
12012,-1
12013,-1
12014,-1
12015,-1
12016,-1
12017,-1
12018,-1
12019,-1
12020,-1
12021,-1
12022,-1
12023,-1
12024,-1
12025,-1
12026,-1
12027,-1
12028,-1
12029,-1
12030,-1
12031,-1
12032,-1
12033,-1
12034,-1
12035,-1
12036,-1
12037,-1
12038,-1
12039,-1
12040,-1
12041,-1
12042,-1
12043,-1
12044,-1
12045,-1
12046,-1
12047,-1
12048,-1
12049,-1
12050,-1
12051,-1
12052,-1
12053,-1
12054,-1
12055,-1
12056,-1
12057,-1
12058,-1
12059,-1
12060,-1
12061,-1
12062,-1
12063,-1
12064,-1
12065,-1
12066,-1
12067,-1
12068,-1
12069,-1
12070,-1
12071,-1
12072,-1
12073,-1
12074,-1
12075,-1
12076,-1
12077,-1
12078,-1
12079,-1
12080,-1
12081,-1
12082,-1
12083,-1
12084,-1
12085,-1
12086,-1
12087,-1
12088,-1
12089,-1
12090,-1
12091,-1
12092,-1
12093,-1
12094,-1
12095,-1
12096,-1
12097,-1
12098,-1
12099,-1
12100,-1
12101,-1
12102,-1
12103,-1
12104,-1
12105,-1
12106,-1
12107,-1
12108,-1
12109,-1
12110,-1
12111,-1
12112,-1
12113,-1
12114,-1
12115,-1
12116,-1
12117,-1
12118,-1
12119,-1
12120,-1
12121,-1
12122,-1
12123,-1
12124,-1
12125,-1
12126,-1
12127,-1
12128,-1
12129,-1
12130,-1
12131,-1
12132,-1
12133,-1
12134,-1
12135,-1
12136,-1
12137,-1
12138,-1
12139,-1
12140,-1
12141,-1
12142,-1
12143,-1
12144,-1
12145,-1
12146,-1
12147,-1
12148,-1
12149,-1
12150,-1
12151,-1
12152,-1
12153,-1
12154,-1
12155,-1
12156,-1
12157,-1
12158,-1
12159,-1
12160,-1
12161,-1
12162,-1
12163,-1
12164,-1
12165,-1
12166,-1
12167,-1
12168,-1
12169,-1
12170,-1
12171,-1
12172,-1
12173,-1
12174,-1
12175,-1
12176,-1
12177,-1
12178,-1
12179,-1
12180,-1
12181,-1
12182,-1
12183,-1
12184,-1
12185,-1
12186,-1
12187,-1
12188,-1
12189,-1
12190,-1
12191,-1
12192,-1
12193,-1
12194,-1
12195,-1
12196,-1
12197,-1
12198,-1
12199,-1
12200,-1
12201,-1
12202,-1
12203,-1
12204,-1
12205,-1
12206,-1
12207,-1
12208,-1
12209,-1
12210,-1
12211,-1
12212,-1
12213,-1
12214,-1
12215,-1
12216,-1
12217,-1
12218,-1
12219,-1
12220,-1
12221,-1
12222,-1
12223,-1
12224,-1
12225,-1
12226,-1
12227,-1
12228,-1
12229,-1
12230,-1
12231,-1
12232,-1
12233,-1
12234,-1
12235,-1
12236,-1
12237,-1
12238,-1
12239,-1
12240,-1
12241,-1
12242,-1
12243,-1
12244,-1
12245,-1
12246,-1
12247,-1
12248,-1
12249,-1
12250,-1
12251,-1
12252,-1
12253,-1
12254,-1
12255,-1
12256,-1
12257,-1
12258,-1
12259,-1
12260,-1
12261,-1
12262,-1
12263,-1
12264,-1
12265,-1
12266,-1
12267,-1
12268,-1
12269,-1
12270,-1
12271,-1
12272,-1
12273,-1
12274,-1
12275,-1
12276,-1
12277,-1
12278,-1
12279,-1
12280,-1
12281,-1
12282,-1
12283,-1
12284,-1
12285,-1
12286,-1
12287,-1
12288,-1
12289,-1
12290,-1
12291,-1
12292,-1
12293,-1
12294,-1
12295,-1
12296,-1
12297,-1
12298,-1
12299,-1
12300,-1
12301,-1
12302,-1
12303,-1
12304,-1
12305,-1
12306,-1
12307,-1
12308,-1
12309,-1
12310,-1
12311,-1
12312,-1
12313,-1
12314,-1
12315,-1
12316,-1
12317,-1
12318,-1
12319,-1
12320,-1
12321,-1
12322,-1
12323,-1
12324,-1
12325,-1
12326,-1
12327,-1
12328,-1
12329,-1
12330,-1
12331,-1
12332,-1
12333,-1
12334,-1
12335,-1
12336,-1
12337,-1
12338,-1
12339,-1
12340,-1
12341,-1
12342,-1
12343,-1
12344,-1
12345,-1
12346,-1
12347,-1
12348,-1
12349,-1
12350,-1
12351,-1
12352,-1
12353,-1
12354,-1
12355,-1
12356,-1
12357,-1
12358,-1
12359,-1
12360,-1
12361,-1
12362,-1
12363,-1
12364,-1
12365,-1
12366,-1
12367,-1
12368,-1
12369,-1
12370,-1
12371,-1
12372,-1
12373,-1
12374,-1
12375,-1
12376,-1
12377,-1
12378,-1
12379,-1
12380,-1
12381,-1
12382,-1
12383,-1
12384,-1
12385,-1
12386,-1
12387,-1
12388,-1
12389,-1
12390,-1
12391,-1
12392,-1
12393,-1
12394,-1
12395,-1
12396,-1
12397,-1
12398,-1
12399,-1
12400,-1
12401,-1
12402,-1
12403,-1
12404,-1
12405,-1
12406,-1
12407,-1
12408,-1
12409,-1
12410,-1
12411,-1
12412,-1
12413,-1
12414,-1
12415,-1
12416,-1
12417,-1
12418,-1
12419,-1
12420,-1
12421,-1
12422,-1
12423,-1
12424,-1
12425,-1
12426,-1
12427,-1
12428,-1
12429,-1
12430,-1
12431,-1
12432,-1
12433,-1
12434,-1
12435,-1
12436,-1
12437,-1
12438,-1
12439,-1
12440,-1
12441,-1
12442,-1
12443,-1
12444,-1
12445,-1
12446,-1
12447,-1
12448,-1
12449,-1
12450,-1
12451,-1
12452,-1
12453,-1
12454,-1
12455,-1
12456,-1
12457,-1
12458,-1
12459,-1
12460,-1
12461,-1
12462,-1
12463,-1
12464,-1
12465,-1
12466,-1
12467,-1
12468,-1
12469,-1
12470,-1
12471,-1
12472,-1
12473,-1
12474,-1
12475,-1
12476,-1
12477,-1
12478,-1
12479,-1
12480,-1
12481,-1
12482,-1
12483,-1
12484,-1
12485,-1
12486,-1
12487,-1
12488,-1
12489,-1
12490,-1
12491,-1
12492,-1
12493,-1
12494,-1
12495,-1
12496,-1
12497,-1
12498,-1
12499,-1
12500,-1
12501,-1
12502,-1
12503,-1
12504,-1
12505,-1
12506,-1
12507,-1
12508,-1
12509,-1
12510,-1
12511,-1
12512,-1
12513,-1
12514,-1
12515,-1
12516,-1
12517,-1
12518,-1
12519,-1
12520,-1
12521,-1
12522,-1
12523,-1
12524,-1
12525,-1
12526,-1
12527,-1
12528,-1
12529,-1
12530,-1
12531,-1
12532,-1
12533,-1
12534,-1
12535,-1
12536,-1
12537,-1
12538,-1
12539,-1
12540,-1
12541,-1
12542,-1
12543,-1
12544,-1
12545,-1
12546,-1
12547,-1
12548,-1
12549,-1
12550,-1
12551,-1
12552,-1
12553,-1
12554,-1
12555,-1
12556,-1
12557,-1
12558,-1
12559,-1
12560,-1
12561,-1
12562,-1
12563,-1
12564,-1
12565,-1
12566,-1
12567,-1
12568,-1
12569,-1
12570,-1
12571,-1
12572,-1
12573,-1
12574,-1
12575,-1
12576,-1
12577,-1
12578,-1
12579,-1
12580,-1
12581,-1
12582,-1
12583,-1
12584,-1
12585,-1
12586,-1
12587,-1
12588,-1
12589,-1
12590,-1
12591,-1
12592,-1
12593,-1
12594,-1
12595,-1
12596,-1
12597,-1
12598,-1
12599,-1
12600,-1
12601,-1
12602,-1
12603,-1
12604,-1
12605,-1
12606,-1
12607,-1
12608,12432
12609,12433
12610,12434
12611,-1
12612,-1
12613,-1
12614,-1
12615,-1
12616,-1
12617,-1
12618,-1
12619,-1
12620,-1
12621,-1
12622,-1
12623,-1
12624,-1
12625,-1
12626,-1
12627,-1
12628,-1
12629,-1
12630,-1
12631,-1
12632,-1
12633,-1
12634,-1
12635,-1
12636,-1
12637,-1
12638,-1
12639,-1
12640,-1
12641,-1
12642,-1
12643,-1
12644,-1
12645,-1
12646,-1
12647,-1
12648,-1
12649,-1
12650,-1
12651,-1
12652,-1
12653,-1
12654,-1
12655,-1
12656,-1
12657,-1
12658,-1
12659,-1
12660,-1
12661,-1
12662,-1
12663,-1
12664,-1
12665,-1
12666,-1
12667,-1
12668,-1
12669,-1
12670,-1
12671,-1
12672,294
12673,295
12674,296
12675,-1
12676,-1
12677,291
12678,292
12679,293
12680,-1
12681,-1
12682,288
12683,289
12684,290
12685,-1
12686,-1
12687,285
12688,286
12689,287
12690,-1
12691,-1
12692,282
12693,283
12694,284
12695,-1
12696,-1
12697,279
12698,280
12699,281
12700,-1
12701,-1
12702,276
12703,277
12704,627
12705,628
12706,629
12707,-1
12708,-1
12709,624
12710,625
12711,626
12712,-1
12713,-1
12714,621
12715,622
12716,623
12717,-1
12718,-1
12719,618
12720,619
12721,620
12722,-1
12723,-1
12724,615
12725,616
12726,617
12727,-1
12728,-1
12729,612
12730,613
12731,614
12732,-1
12733,-1
12734,609
12735,610
12736,1011
12737,1012
12738,1013
12739,-1
12740,-1
12741,1008
12742,1009
12743,1010
12744,-1
12745,-1
12746,1005
12747,1006
12748,1007
12749,-1
12750,-1
12751,1002
12752,1003
12753,1004
12754,-1
12755,-1
12756,999
12757,1000
12758,1001
12759,-1
12760,-1
12761,996
12762,997
12763,998
12764,-1
12765,-1
12766,993
12767,994
12768,1341
12769,1342
12770,1343
12771,-1
12772,-1
12773,1338
12774,1339
12775,1340
12776,-1
12777,-1
12778,1335
12779,1336
12780,1337
12781,-1
12782,-1
12783,1332
12784,1333
12785,1334
12786,-1
12787,-1
12788,1329
12789,1330
12790,1331
12791,-1
12792,-1
12793,1326
12794,1327
12795,1328
12796,-1
12797,-1
12798,1323
12799,1324
12800,1731
12801,1732
12802,1733
12803,-1
12804,-1
12805,1728
12806,1729
12807,1730
12808,-1
12809,-1
12810,1725
12811,1726
12812,1727
12813,-1
12814,-1
12815,1722
12816,1723
12817,1724
12818,-1
12819,-1
12820,1719
12821,1720
12822,1721
12823,-1
12824,-1
12825,1716
12826,1717
12827,1718
12828,-1
12829,-1
12830,1713
12831,1714
12832,2052
12833,2053
12834,2054
12835,-1
12836,-1
12837,2049
12838,2050
12839,2051
12840,-1
12841,-1
12842,2046
12843,2047
12844,2048
12845,-1
12846,-1
12847,2043
12848,2044
12849,2045
12850,-1
12851,-1
12852,2040
12853,2041
12854,2042
12855,-1
12856,-1
12857,2037
12858,2038
12859,2039
12860,-1
12861,-1
12862,2034
12863,2035
12864,2451
12865,2452
12866,2453
12867,-1
12868,-1
12869,2448
12870,2449
12871,2450
12872,-1
12873,-1
12874,2445
12875,2446
12876,2447
12877,-1
12878,-1
12879,2442
12880,2443
12881,2444
12882,-1
12883,-1
12884,2439
12885,2440
12886,2441
12887,-1
12888,-1
12889,2436
12890,2437
12891,2438
12892,-1
12893,-1
12894,2433
12895,2434
12896,2772
12897,2773
12898,2774
12899,-1
12900,-1
12901,2769
12902,2770
12903,2771
12904,-1
12905,-1
12906,2766
12907,2767
12908,2768
12909,-1
12910,-1
12911,2763
12912,2764
12913,2765
12914,-1
12915,-1
12916,2760
12917,2761
12918,2762
12919,-1
12920,-1
12921,2757
12922,2758
12923,2759
12924,-1
12925,-1
12926,2754
12927,2755
12928,3105
12929,3106
12930,3107
12931,-1
12932,-1
12933,3102
12934,3103
12935,3104
12936,-1
12937,-1
12938,3099
12939,3100
12940,3101
12941,-1
12942,-1
12943,3096
12944,3097
12945,3098
12946,-1
12947,-1
12948,3093
12949,3094
12950,3095
12951,-1
12952,-1
12953,3090
12954,3091
12955,3092
12956,-1
12957,-1
12958,3087
12959,3088
12960,3414
12961,3415
12962,3416
12963,-1
12964,-1
12965,3411
12966,3412
12967,3413
12968,-1
12969,-1
12970,3408
12971,3409
12972,3410
12973,-1
12974,-1
12975,3405
12976,3406
12977,3407
12978,-1
12979,-1
12980,3402
12981,3403
12982,3404
12983,-1
12984,-1
12985,3399
12986,3400
12987,3401
12988,-1
12989,-1
12990,3396
12991,3397
12992,3828
12993,3829
12994,3830
12995,-1
12996,-1
12997,3825
12998,3826
12999,3827
13000,-1
13001,-1
13002,3822
13003,3823
13004,3824
13005,-1
13006,-1
13007,3819
13008,3820
13009,3821
13010,-1
13011,-1
13012,3816
13013,3817
13014,3818
13015,-1
13016,-1
13017,3813
13018,3814
13019,3815
13020,-1
13021,-1
13022,3810
13023,3811
13024,4131
13025,4132
13026,4133
13027,-1
13028,-1
13029,4128
13030,4129
13031,4130
13032,-1
13033,-1
13034,4125
13035,4126
13036,4127
13037,-1
13038,-1
13039,4122
13040,4123
13041,4124
13042,-1
13043,-1
13044,4119
13045,4120
13046,4121
13047,-1
13048,-1
13049,4116
13050,4117
13051,4118
13052,-1
13053,-1
13054,4113
13055,4114
13056,4548
13057,4549
13058,4550
13059,-1
13060,-1
13061,4545
13062,4546
13063,4547
13064,-1
13065,-1
13066,4542
13067,4543
13068,4544
13069,-1
13070,-1
13071,4539
13072,4540
13073,4541
13074,-1
13075,-1
13076,4536
13077,4537
13078,4538
13079,-1
13080,-1
13081,4533
13082,4534
13083,4535
13084,-1
13085,-1
13086,4530
13087,4531
13088,4848
13089,4849
13090,4850
13091,-1
13092,-1
13093,4845
13094,4846
13095,4847
13096,-1
13097,-1
13098,4842
13099,4843
13100,4844
13101,-1
13102,-1
13103,4839
13104,4840
13105,4841
13106,-1
13107,-1
13108,4836
13109,4837
13110,4838
13111,-1
13112,-1
13113,4833
13114,4834
13115,4835
13116,-1
13117,-1
13118,4830
13119,4831
13120,5268
13121,5269
13122,5270
13123,-1
13124,-1
13125,5265
13126,5266
13127,5267
13128,-1
13129,-1
13130,5262
13131,5263
13132,5264
13133,-1
13134,-1
13135,5259
13136,5260
13137,5261
13138,-1
13139,-1
13140,5256
13141,5257
13142,5258
13143,-1
13144,-1
13145,5253
13146,5254
13147,5255
13148,-1
13149,-1
13150,5250
13151,5251
13152,5562
13153,5563
13154,5564
13155,-1
13156,-1
13157,5559
13158,5560
13159,5561
13160,-1
13161,-1
13162,5556
13163,5557
13164,5558
13165,-1
13166,-1
13167,5553
13168,5554
13169,5555
13170,-1
13171,-1
13172,5550
13173,5551
13174,5552
13175,-1
13176,-1
13177,5547
13178,5548
13179,5549
13180,-1
13181,-1
13182,5544
13183,5545
13184,5841
13185,5842
13186,5843
13187,-1
13188,-1
13189,5838
13190,5839
13191,5840
13192,-1
13193,-1
13194,5835
13195,5836
13196,5837
13197,-1
13198,-1
13199,5832
13200,5833
13201,5834
13202,-1
13203,-1
13204,5829
13205,5830
13206,5831
13207,-1
13208,-1
13209,5826
13210,5827
13211,5828
13212,-1
13213,-1
13214,5823
13215,5824
13216,6132
13217,6133
13218,6134
13219,-1
13220,-1
13221,6129
13222,6130
13223,6131
13224,-1
13225,-1
13226,6126
13227,6127
13228,6128
13229,-1
13230,-1
13231,6123
13232,6124
13233,6125
13234,-1
13235,-1
13236,6120
13237,6121
13238,6122
13239,-1
13240,-1
13241,6117
13242,6118
13243,6119
13244,-1
13245,-1
13246,6114
13247,6115
13248,6558
13249,6559
13250,6560
13251,-1
13252,-1
13253,6555
13254,6556
13255,6557
13256,-1
13257,-1
13258,6552
13259,6553
13260,6554
13261,-1
13262,-1
13263,6549
13264,6550
13265,6551
13266,-1
13267,-1
13268,6546
13269,6547
13270,6548
13271,-1
13272,-1
13273,6543
13274,6544
13275,6545
13276,-1
13277,-1
13278,6540
13279,6541
13280,6849
13281,6850
13282,6851
13283,-1
13284,-1
13285,6846
13286,6847
13287,6848
13288,-1
13289,-1
13290,6843
13291,6844
13292,6845
13293,-1
13294,-1
13295,6840
13296,6841
13297,6842
13298,-1
13299,-1
13300,6837
13301,6838
13302,6839
13303,-1
13304,-1
13305,6834
13306,6835
13307,6836
13308,-1
13309,-1
13310,6831
13311,6832
13312,7278
13313,7279
13314,7280
13315,-1
13316,-1
13317,7275
13318,7276
13319,7277
13320,-1
13321,-1
13322,7272
13323,7273
13324,7274
13325,-1
13326,-1
13327,7269
13328,7270
13329,7271
13330,-1
13331,-1
13332,7266
13333,7267
13334,7268
13335,-1
13336,-1
13337,7263
13338,7264
13339,7265
13340,-1
13341,-1
13342,7260
13343,7261
13344,7566
13345,7567
13346,7568
13347,-1
13348,-1
13349,7563
13350,7564
13351,7565
13352,-1
13353,-1
13354,7560
13355,7561
13356,7562
13357,-1
13358,-1
13359,7557
13360,7558
13361,7559
13362,-1
13363,-1
13364,7554
13365,7555
13366,7556
13367,-1
13368,-1
13369,7551
13370,7552
13371,7553
13372,-1
13373,-1
13374,7548
13375,7549
13376,7998
13377,7999
13378,8000
13379,-1
13380,-1
13381,7995
13382,7996
13383,7997
13384,-1
13385,-1
13386,7992
13387,7993
13388,7994
13389,-1
13390,-1
13391,7989
13392,7990
13393,7991
13394,-1
13395,-1
13396,7986
13397,7987
13398,7988
13399,-1
13400,-1
13401,7983
13402,7984
13403,7985
13404,-1
13405,-1
13406,7980
13407,7981
13408,8286
13409,8287
13410,8288
13411,-1
13412,-1
13413,8283
13414,8284
13415,8285
13416,-1
13417,-1
13418,8280
13419,8281
13420,8282
13421,-1
13422,-1
13423,8277
13424,8278
13425,8279
13426,-1
13427,-1
13428,8274
13429,8275
13430,8276
13431,-1
13432,-1
13433,8271
13434,8272
13435,8273
13436,-1
13437,-1
13438,8268
13439,8269
13440,8805
13441,8806
13442,8807
13443,-1
13444,-1
13445,8802
13446,8803
13447,8804
13448,-1
13449,-1
13450,8799
13451,8800
13452,8801
13453,-1
13454,-1
13455,8796
13456,8797
13457,8798
13458,-1
13459,-1
13460,8793
13461,8794
13462,8795
13463,-1
13464,-1
13465,8790
13466,8791
13467,8792
13468,-1
13469,-1
13470,8787
13471,8788
13472,9075
13473,9076
13474,9077
13475,-1
13476,-1
13477,9072
13478,9073
13479,9074
13480,-1
13481,-1
13482,9069
13483,9070
13484,9071
13485,-1
13486,-1
13487,9066
13488,9067
13489,9068
13490,-1
13491,-1
13492,9063
13493,9064
13494,9065
13495,-1
13496,-1
13497,9060
13498,9061
13499,9062
13500,-1
13501,-1
13502,9057
13503,9058
13504,9522
13505,9523
13506,9524
13507,-1
13508,-1
13509,9519
13510,9520
13511,9521
13512,-1
13513,-1
13514,9516
13515,9517
13516,9518
13517,-1
13518,-1
13519,9513
13520,9514
13521,9515
13522,-1
13523,-1
13524,9510
13525,9511
13526,9512
13527,-1
13528,-1
13529,9507
13530,9508
13531,9509
13532,-1
13533,-1
13534,9504
13535,9505
13536,9792
13537,9793
13538,9794
13539,-1
13540,-1
13541,9789
13542,9790
13543,9791
13544,-1
13545,-1
13546,9786
13547,9787
13548,9788
13549,-1
13550,-1
13551,9783
13552,9784
13553,9785
13554,-1
13555,-1
13556,9780
13557,9781
13558,9782
13559,-1
13560,-1
13561,9777
13562,9778
13563,9779
13564,-1
13565,-1
13566,9774
13567,9775
13568,10242
13569,10243
13570,10244
13571,-1
13572,-1
13573,10239
13574,10240
13575,10241
13576,-1
13577,-1
13578,10236
13579,10237
13580,10238
13581,-1
13582,-1
13583,10233
13584,10234
13585,10235
13586,-1
13587,-1
13588,10230
13589,10231
13590,10232
13591,-1
13592,-1
13593,10227
13594,10228
13595,10229
13596,-1
13597,-1
13598,10224
13599,10225
13600,10509
13601,10510
13602,10511
13603,-1
13604,-1
13605,10506
13606,10507
13607,10508
13608,-1
13609,-1
13610,10503
13611,10504
13612,10505
13613,-1
13614,-1
13615,10500
13616,10501
13617,10502
13618,-1
13619,-1
13620,10497
13621,10498
13622,10499
13623,-1
13624,-1
13625,10494
13626,10495
13627,10496
13628,-1
13629,-1
13630,10491
13631,10492
13632,10962
13633,10963
13634,10964
13635,-1
13636,-1
13637,10959
13638,10960
13639,10961
13640,-1
13641,-1
13642,10956
13643,10957
13644,10958
13645,-1
13646,-1
13647,10953
13648,10954
13649,10955
13650,-1
13651,-1
13652,10950
13653,10951
13654,10952
13655,-1
13656,-1
13657,10947
13658,10948
13659,10949
13660,-1
13661,-1
13662,10944
13663,10945
13664,11229
13665,11230
13666,11231
13667,-1
13668,-1
13669,11226
13670,11227
13671,11228
13672,-1
13673,-1
13674,11223
13675,11224
13676,11225
13677,-1
13678,-1
13679,11220
13680,11221
13681,11222
13682,-1
13683,-1
13684,11217
13685,11218
13686,11219
13687,-1
13688,-1
13689,11214
13690,11215
13691,11216
13692,-1
13693,-1
13694,11211
13695,11212
13696,12138
13697,12139
13698,12140
13699,-1
13700,-1
13701,12135
13702,12136
13703,12137
13704,-1
13705,-1
13706,12132
13707,12133
13708,12134
13709,-1
13710,-1
13711,12129
13712,12130
13713,12131
13714,-1
13715,-1
13716,12126
13717,12127
13718,12128
13719,-1
13720,-1
13721,12123
13722,12124
13723,12125
13724,-1
13725,-1
13726,12120
13727,12121
13728,11814
13729,11815
13730,11816
13731,-1
13732,-1
13733,11811
13734,11812
13735,11813
13736,-1
13737,-1
13738,11808
13739,11809
13740,11810
13741,-1
13742,-1
13743,11805
13744,11806
13745,11807
13746,-1
13747,-1
13748,11802
13749,11803
13750,11804
13751,-1
13752,-1
13753,11799
13754,11800
13755,11801
13756,-1
13757,-1
13758,11796
13759,11797
13760,12855
13761,12856
13762,12857
13763,-1
13764,-1
13765,12852
13766,12853
13767,12854
13768,-1
13769,-1
13770,12849
13771,12850
13772,12851
13773,-1
13774,-1
13775,12846
13776,12847
13777,12848
13778,-1
13779,-1
13780,12843
13781,12844
13782,12845
13783,-1
13784,-1
13785,12840
13786,12841
13787,12842
13788,-1
13789,-1
13790,12837
13791,12838
13792,12597
13793,12598
13794,12599
13795,-1
13796,-1
13797,12594
13798,12595
13799,12596
13800,-1
13801,-1
13802,12591
13803,12592
13804,12593
13805,-1
13806,-1
13807,12588
13808,12589
13809,12590
13810,-1
13811,-1
13812,12585
13813,12586
13814,12587
13815,-1
13816,-1
13817,12582
13818,12583
13819,12584
13820,-1
13821,-1
13822,12579
13823,12580
13824,278
13825,-1
13826,-1
13827,273
13828,274
13829,275
13830,-1
13831,-1
13832,270
13833,271
13834,272
13835,-1
13836,-1
13837,267
13838,268
13839,269
13840,-1
13841,-1
13842,264
13843,265
13844,266
13845,-1
13846,-1
13847,261
13848,262
13849,263
13850,-1
13851,-1
13852,258
13853,259
13854,260
13855,-1
13856,611
13857,-1
13858,-1
13859,606
13860,607
13861,608
13862,-1
13863,-1
13864,603
13865,604
13866,605
13867,-1
13868,-1
13869,600
13870,601
13871,602
13872,-1
13873,-1
13874,597
13875,598
13876,599
13877,-1
13878,-1
13879,594
13880,595
13881,596
13882,-1
13883,-1
13884,591
13885,592
13886,593
13887,-1
13888,995
13889,-1
13890,-1
13891,990
13892,991
13893,992
13894,-1
13895,-1
13896,987
13897,988
13898,989
13899,-1
13900,-1
13901,984
13902,985
13903,986
13904,-1
13905,-1
13906,981
13907,982
13908,983
13909,-1
13910,-1
13911,978
13912,979
13913,980
13914,-1
13915,-1
13916,975
13917,976
13918,977
13919,-1
13920,1325
13921,-1
13922,-1
13923,1320
13924,1321
13925,1322
13926,-1
13927,-1
13928,1317
13929,1318
13930,1319
13931,-1
13932,-1
13933,1314
13934,1315
13935,1316
13936,-1
13937,-1
13938,1311
13939,1312
13940,1313
13941,-1
13942,-1
13943,1308
13944,1309
13945,1310
13946,-1
13947,-1
13948,1305
13949,1306
13950,1307
13951,-1
13952,1715
13953,-1
13954,-1
13955,1710
13956,1711
13957,1712
13958,-1
13959,-1
13960,1707
13961,1708
13962,1709
13963,-1
13964,-1
13965,1704
13966,1705
13967,1706
13968,-1
13969,-1
13970,1701
13971,1702
13972,1703
13973,-1
13974,-1
13975,1698
13976,1699
13977,1700
13978,-1
13979,-1
13980,1695
13981,1696
13982,1697
13983,-1
13984,2036
13985,-1
13986,-1
13987,2031
13988,2032
13989,2033
13990,-1
13991,-1
13992,2028
13993,2029
13994,2030
13995,-1
13996,-1
13997,2025
13998,2026
13999,2027
14000,-1
14001,-1
14002,2022
14003,2023
14004,2024
14005,-1
14006,-1
14007,2019
14008,2020
14009,2021
14010,-1
14011,-1
14012,2016
14013,2017
14014,2018
14015,-1
14016,2435
14017,-1
14018,-1
14019,2430
14020,2431
14021,2432
14022,-1
14023,-1
14024,2427
14025,2428
14026,2429
14027,-1
14028,-1
14029,2424
14030,2425
14031,2426
14032,-1
14033,-1
14034,2421
14035,2422
14036,2423
14037,-1
14038,-1
14039,2418
14040,2419
14041,2420
14042,-1
14043,-1
14044,2415
14045,2416
14046,2417
14047,-1
14048,2756
14049,-1
14050,-1
14051,2751
14052,2752
14053,2753
14054,-1
14055,-1
14056,2748
14057,2749
14058,2750
14059,-1
14060,-1
14061,2745
14062,2746
14063,2747
14064,-1
14065,-1
14066,2742
14067,2743
14068,2744
14069,-1
14070,-1
14071,2739
14072,2740
14073,2741
14074,-1
14075,-1
14076,2736
14077,2737
14078,2738
14079,-1
14080,3089
14081,-1
14082,-1
14083,3084
14084,3085
14085,3086
14086,-1
14087,-1
14088,3081
14089,3082
14090,3083
14091,-1
14092,-1
14093,3078
14094,3079
14095,3080
14096,-1
14097,-1
14098,3075
14099,3076
14100,3077
14101,-1
14102,-1
14103,3072
14104,3073
14105,3074
14106,-1
14107,-1
14108,3069
14109,3070
14110,3071
14111,-1
14112,3398
14113,-1
14114,-1
14115,3393
14116,3394
14117,3395
14118,-1
14119,-1
14120,3390
14121,3391
14122,3392
14123,-1
14124,-1
14125,3387
14126,3388
14127,3389
14128,-1
14129,-1
14130,3384
14131,3385
14132,3386
14133,-1
14134,-1
14135,3381
14136,3382
14137,3383
14138,-1
14139,-1
14140,3378
14141,3379
14142,3380
14143,-1
14144,3812
14145,-1
14146,-1
14147,3807
14148,3808
14149,3809
14150,-1
14151,-1
14152,3804
14153,3805
14154,3806
14155,-1
14156,-1
14157,3801
14158,3802
14159,3803
14160,-1
14161,-1
14162,3798
14163,3799
14164,3800
14165,-1
14166,-1
14167,3795
14168,3796
14169,3797
14170,-1
14171,-1
14172,3792
14173,3793
14174,3794
14175,-1
14176,4115
14177,-1
14178,-1
14179,4110
14180,4111
14181,4112
14182,-1
14183,-1
14184,4107
14185,4108
14186,4109
14187,-1
14188,-1
14189,4104
14190,4105
14191,4106
14192,-1
14193,-1
14194,4101
14195,4102
14196,4103
14197,-1
14198,-1
14199,4098
14200,4099
14201,4100
14202,-1
14203,-1
14204,4095
14205,4096
14206,4097
14207,-1
14208,4532
14209,-1
14210,-1
14211,4527
14212,4528
14213,4529
14214,-1
14215,-1
14216,4524
14217,4525
14218,4526
14219,-1
14220,-1
14221,4521
14222,4522
14223,4523
14224,-1
14225,-1
14226,4518
14227,4519
14228,4520
14229,-1
14230,-1
14231,4515
14232,4516
14233,4517
14234,-1
14235,-1
14236,4512
14237,4513
14238,4514
14239,-1
14240,4832
14241,-1
14242,-1
14243,4827
14244,4828
14245,4829
14246,-1
14247,-1
14248,4824
14249,4825
14250,4826
14251,-1
14252,-1
14253,4821
14254,4822
14255,4823
14256,-1
14257,-1
14258,4818
14259,4819
14260,4820
14261,-1
14262,-1
14263,4815
14264,4816
14265,4817
14266,-1
14267,-1
14268,4812
14269,4813
14270,4814
14271,-1
14272,5252
14273,-1
14274,-1
14275,5247
14276,5248
14277,5249
14278,-1
14279,-1
14280,5244
14281,5245
14282,5246
14283,-1
14284,-1
14285,5241
14286,5242
14287,5243
14288,-1
14289,-1
14290,5238
14291,5239
14292,5240
14293,-1
14294,-1
14295,5235
14296,5236
14297,5237
14298,-1
14299,-1
14300,5232
14301,5233
14302,5234
14303,-1
14304,5546
14305,-1
14306,-1
14307,5541
14308,5542
14309,5543
14310,-1
14311,-1
14312,5538
14313,5539
14314,5540
14315,-1
14316,-1
14317,5535
14318,5536
14319,5537
14320,-1
14321,-1
14322,5532
14323,5533
14324,5534
14325,-1
14326,-1
14327,5529
14328,5530
14329,5531
14330,-1
14331,-1
14332,5526
14333,5527
14334,5528
14335,-1
14336,5825
14337,-1
14338,-1
14339,5820
14340,5821
14341,5822
14342,-1
14343,-1
14344,5817
14345,5818
14346,5819
14347,-1
14348,-1
14349,5814
14350,5815
14351,5816
14352,-1
14353,-1
14354,5811
14355,5812
14356,5813
14357,-1
14358,-1
14359,5808
14360,5809
14361,5810
14362,-1
14363,-1
14364,5805
14365,5806
14366,5807
14367,-1
14368,6116
14369,-1
14370,-1
14371,6111
14372,6112
14373,6113
14374,-1
14375,-1
14376,6108
14377,6109
14378,6110
14379,-1
14380,-1
14381,6105
14382,6106
14383,6107
14384,-1
14385,-1
14386,6102
14387,6103
14388,6104
14389,-1
14390,-1
14391,6099
14392,6100
14393,6101
14394,-1
14395,-1
14396,6096
14397,6097
14398,6098
14399,-1
14400,6542
14401,-1
14402,-1
14403,6537
14404,6538
14405,6539
14406,-1
14407,-1
14408,6534
14409,6535
14410,6536
14411,-1
14412,-1
14413,6531
14414,6532
14415,6533
14416,-1
14417,-1
14418,6528
14419,6529
14420,6530
14421,-1
14422,-1
14423,6525
14424,6526
14425,6527
14426,-1
14427,-1
14428,6522
14429,6523
14430,6524
14431,-1
14432,6833
14433,-1
14434,-1
14435,6828
14436,6829
14437,6830
14438,-1
14439,-1
14440,6825
14441,6826
14442,6827
14443,-1
14444,-1
14445,6822
14446,6823
14447,6824
14448,-1
14449,-1
14450,6819
14451,6820
14452,6821
14453,-1
14454,-1
14455,6816
14456,6817
14457,6818
14458,-1
14459,-1
14460,6813
14461,6814
14462,6815
14463,-1
14464,7262
14465,-1
14466,-1
14467,7257
14468,7258
14469,7259
14470,-1
14471,-1
14472,7254
14473,7255
14474,7256
14475,-1
14476,-1
14477,7251
14478,7252
14479,7253
14480,-1
14481,-1
14482,7248
14483,7249
14484,7250
14485,-1
14486,-1
14487,7245
14488,7246
14489,7247
14490,-1
14491,-1
14492,7242
14493,7243
14494,7244
14495,-1
14496,7550
14497,-1
14498,-1
14499,7545
14500,7546
14501,7547
14502,-1
14503,-1
14504,7542
14505,7543
14506,7544
14507,-1
14508,-1
14509,7539
14510,7540
14511,7541
14512,-1
14513,-1
14514,7536
14515,7537
14516,7538
14517,-1
14518,-1
14519,7533
14520,7534
14521,7535
14522,-1
14523,-1
14524,7530
14525,7531
14526,7532
14527,-1
14528,7982
14529,-1
14530,-1
14531,7977
14532,7978
14533,7979
14534,-1
14535,-1
14536,7974
14537,7975
14538,7976
14539,-1
14540,-1
14541,7971
14542,7972
14543,7973
14544,-1
14545,-1
14546,7968
14547,7969
14548,7970
14549,-1
14550,-1
14551,7965
14552,7966
14553,7967
14554,-1
14555,-1
14556,7962
14557,7963
14558,7964
14559,-1
14560,8270
14561,-1
14562,-1
14563,8265
14564,8266
14565,8267
14566,-1
14567,-1
14568,8262
14569,8263
14570,8264
14571,-1
14572,-1
14573,8259
14574,8260
14575,8261
14576,-1
14577,-1
14578,8256
14579,8257
14580,8258
14581,-1
14582,-1
14583,8253
14584,8254
14585,8255
14586,-1
14587,-1
14588,8250
14589,8251
14590,8252
14591,-1
14592,8789
14593,-1
14594,-1
14595,8784
14596,8785
14597,8786
14598,-1
14599,-1
14600,8781
14601,8782
14602,8783
14603,-1
14604,-1
14605,8778
14606,8779
14607,8780
14608,-1
14609,-1
14610,8775
14611,8776
14612,8777
14613,-1
14614,-1
14615,8772
14616,8773
14617,8774
14618,-1
14619,-1
14620,8769
14621,8770
14622,8771
14623,-1
14624,9059
14625,-1
14626,-1
14627,9054
14628,9055
14629,9056
14630,-1
14631,-1
14632,9051
14633,9052
14634,9053
14635,-1
14636,-1
14637,9048
14638,9049
14639,9050
14640,-1
14641,-1
14642,9045
14643,9046
14644,9047
14645,-1
14646,-1
14647,9042
14648,9043
14649,9044
14650,-1
14651,-1
14652,9039
14653,9040
14654,9041
14655,-1
14656,9506
14657,-1
14658,-1
14659,9501
14660,9502
14661,9503
14662,-1
14663,-1
14664,9498
14665,9499
14666,9500
14667,-1
14668,-1
14669,9495
14670,9496
14671,9497
14672,-1
14673,-1
14674,9492
14675,9493
14676,9494
14677,-1
14678,-1
14679,9489
14680,9490
14681,9491
14682,-1
14683,-1
14684,9486
14685,9487
14686,9488
14687,-1
14688,9776
14689,-1
14690,-1
14691,9771
14692,9772
14693,9773
14694,-1
14695,-1
14696,9768
14697,9769
14698,9770
14699,-1
14700,-1
14701,9765
14702,9766
14703,9767
14704,-1
14705,-1
14706,9762
14707,9763
14708,9764
14709,-1
14710,-1
14711,9759
14712,9760
14713,9761
14714,-1
14715,-1
14716,9756
14717,9757
14718,9758
14719,-1
14720,10226
14721,-1
14722,-1
14723,10221
14724,10222
14725,10223
14726,-1
14727,-1
14728,10218
14729,10219
14730,10220
14731,-1
14732,-1
14733,10215
14734,10216
14735,10217
14736,-1
14737,-1
14738,10212
14739,10213
14740,10214
14741,-1
14742,-1
14743,10209
14744,10210
14745,10211
14746,-1
14747,-1
14748,10206
14749,10207
14750,10208
14751,-1
14752,10493
14753,-1
14754,-1
14755,10488
14756,10489
14757,10490
14758,-1
14759,-1
14760,10485
14761,10486
14762,10487
14763,-1
14764,-1
14765,10482
14766,10483
14767,10484
14768,-1
14769,-1
14770,10479
14771,10480
14772,10481
14773,-1
14774,-1
14775,10476
14776,10477
14777,10478
14778,-1
14779,-1
14780,10473
14781,10474
14782,10475
14783,-1
14784,10946
14785,-1
14786,-1
14787,10941
14788,10942
14789,10943
14790,-1
14791,-1
14792,10938
14793,10939
14794,10940
14795,-1
14796,-1
14797,10935
14798,10936
14799,10937
14800,-1
14801,-1
14802,10932
14803,10933
14804,10934
14805,-1
14806,-1
14807,10929
14808,10930
14809,10931
14810,-1
14811,-1
14812,10926
14813,10927
14814,10928
14815,-1
14816,11213
14817,-1
14818,-1
14819,11208
14820,11209
14821,11210
14822,-1
14823,-1
14824,11205
14825,11206
14826,11207
14827,-1
14828,-1
14829,11202
14830,11203
14831,11204
14832,-1
14833,-1
14834,11199
14835,11200
14836,11201
14837,-1
14838,-1
14839,11196
14840,11197
14841,11198
14842,-1
14843,-1
14844,11193
14845,11194
14846,11195
14847,-1
14848,12122
14849,-1
14850,-1
14851,12117
14852,12118
14853,12119
14854,-1
14855,-1
14856,12114
14857,12115
14858,12116
14859,-1
14860,-1
14861,12111
14862,12112
14863,12113
14864,-1
14865,-1
14866,12108
14867,12109
14868,12110
14869,-1
14870,-1
14871,12105
14872,12106
14873,12107
14874,-1
14875,-1
14876,12102
14877,12103
14878,12104
14879,-1
14880,11798
14881,-1
14882,-1
14883,11793
14884,11794
14885,11795
14886,-1
14887,-1
14888,11790
14889,11791
14890,11792
14891,-1
14892,-1
14893,11787
14894,11788
14895,11789
14896,-1
14897,-1
14898,11784
14899,11785
14900,11786
14901,-1
14902,-1
14903,11781
14904,11782
14905,11783
14906,-1
14907,-1
14908,11778
14909,11779
14910,11780
14911,-1
14912,12839
14913,-1
14914,-1
14915,12834
14916,12835
14917,12836
14918,-1
14919,-1
14920,12831
14921,12832
14922,12833
14923,-1
14924,-1
14925,12828
14926,12829
14927,12830
14928,-1
14929,-1
14930,12825
14931,12826
14932,12827
14933,-1
14934,-1
14935,12822
14936,12823
14937,12824
14938,-1
14939,-1
14940,12819
14941,12820
14942,12821
14943,-1
14944,12581
14945,-1
14946,-1
14947,12576
14948,12577
14949,12578
14950,-1
14951,-1
14952,12573
14953,12574
14954,12575
14955,-1
14956,-1
14957,12570
14958,12571
14959,12572
14960,-1
14961,-1
14962,12567
14963,12568
14964,12569
14965,-1
14966,-1
14967,12564
14968,12565
14969,12566
14970,-1
14971,-1
14972,12561
14973,12562
14974,12563
14975,-1
14976,-1
14977,255
14978,256
14979,257
14980,-1
14981,-1
14982,252
14983,253
14984,254
14985,-1
14986,-1
14987,249
14988,250
14989,251
14990,-1
14991,-1
14992,246
14993,247
14994,248
14995,-1
14996,-1
14997,243
14998,244
14999,245
15000,-1
15001,-1
15002,240
15003,241
15004,242
15005,-1
15006,-1
15007,237
15008,-1
15009,588
15010,589
15011,590
15012,-1
15013,-1
15014,585
15015,586
15016,587
15017,-1
15018,-1
15019,582
15020,583
15021,584
15022,-1
15023,-1
15024,579
15025,580
15026,581
15027,-1
15028,-1
15029,576
15030,577
15031,578
15032,-1
15033,-1
15034,573
15035,574
15036,575
15037,-1
15038,-1
15039,570
15040,-1
15041,972
15042,973
15043,974
15044,-1
15045,-1
15046,969
15047,970
15048,971
15049,-1
15050,-1
15051,966
15052,967
15053,968
15054,-1
15055,-1
15056,963
15057,964
15058,965
15059,-1
15060,-1
15061,960
15062,961
15063,962
15064,-1
15065,-1
15066,957
15067,958
15068,959
15069,-1
15070,-1
15071,954
15072,-1
15073,1302
15074,1303
15075,1304
15076,-1
15077,-1
15078,1299
15079,1300
15080,1301
15081,-1
15082,-1
15083,1296
15084,1297
15085,1298
15086,-1
15087,-1
15088,1293
15089,1294
15090,1295
15091,-1
15092,-1
15093,1290
15094,1291
15095,1292
15096,-1
15097,-1
15098,1287
15099,1288
15100,1289
15101,-1
15102,-1
15103,1284
15104,-1
15105,1692
15106,1693
15107,1694
15108,-1
15109,-1
15110,1689
15111,1690
15112,1691
15113,-1
15114,-1
15115,1686
15116,1687
15117,1688
15118,-1
15119,-1
15120,1683
15121,1684
15122,1685
15123,-1
15124,-1
15125,1680
15126,1681
15127,1682
15128,-1
15129,-1
15130,1677
15131,1678
15132,1679
15133,-1
15134,-1
15135,1674
15136,-1
15137,2013
15138,2014
15139,2015
15140,-1
15141,-1
15142,2010
15143,2011
15144,2012
15145,-1
15146,-1
15147,2007
15148,2008
15149,2009
15150,-1
15151,-1
15152,2004
15153,2005
15154,2006
15155,-1
15156,-1
15157,2001
15158,2002
15159,2003
15160,-1
15161,-1
15162,1998
15163,1999
15164,2000
15165,-1
15166,-1
15167,1995
15168,-1
15169,2412
15170,2413
15171,2414
15172,-1
15173,-1
15174,2409
15175,2410
15176,2411
15177,-1
15178,-1
15179,2406
15180,2407
15181,2408
15182,-1
15183,-1
15184,2403
15185,2404
15186,2405
15187,-1
15188,-1
15189,2400
15190,2401
15191,2402
15192,-1
15193,-1
15194,2397
15195,2398
15196,2399
15197,-1
15198,-1
15199,2394
15200,-1
15201,2733
15202,2734
15203,2735
15204,-1
15205,-1
15206,2730
15207,2731
15208,2732
15209,-1
15210,-1
15211,2727
15212,2728
15213,2729
15214,-1
15215,-1
15216,2724
15217,2725
15218,2726
15219,-1
15220,-1
15221,2721
15222,2722
15223,2723
15224,-1
15225,-1
15226,2718
15227,2719
15228,2720
15229,-1
15230,-1
15231,2715
15232,-1
15233,3066
15234,3067
15235,3068
15236,-1
15237,-1
15238,3063
15239,3064
15240,3065
15241,-1
15242,-1
15243,3060
15244,3061
15245,3062
15246,-1
15247,-1
15248,3057
15249,3058
15250,3059
15251,-1
15252,-1
15253,3054
15254,3055
15255,3056
15256,-1
15257,-1
15258,3051
15259,3052
15260,3053
15261,-1
15262,-1
15263,3048
15264,-1
15265,3375
15266,3376
15267,3377
15268,-1
15269,-1
15270,3372
15271,3373
15272,3374
15273,-1
15274,-1
15275,3369
15276,3370
15277,3371
15278,-1
15279,-1
15280,3366
15281,3367
15282,3368
15283,-1
15284,-1
15285,3363
15286,3364
15287,3365
15288,-1
15289,-1
15290,3360
15291,3361
15292,3362
15293,-1
15294,-1
15295,3357
15296,-1
15297,3789
15298,3790
15299,3791
15300,-1
15301,-1
15302,3786
15303,3787
15304,3788
15305,-1
15306,-1
15307,3783
15308,3784
15309,3785
15310,-1
15311,-1
15312,3780
15313,3781
15314,3782
15315,-1
15316,-1
15317,3777
15318,3778
15319,3779
15320,-1
15321,-1
15322,3774
15323,3775
15324,3776
15325,-1
15326,-1
15327,3771
15328,-1
15329,4092
15330,4093
15331,4094
15332,-1
15333,-1
15334,4089
15335,4090
15336,4091
15337,-1
15338,-1
15339,4086
15340,4087
15341,4088
15342,-1
15343,-1
15344,4083
15345,4084
15346,4085
15347,-1
15348,-1
15349,4080
15350,4081
15351,4082
15352,-1
15353,-1
15354,4077
15355,4078
15356,4079
15357,-1
15358,-1
15359,4074
15360,-1
15361,4509
15362,4510
15363,4511
15364,-1
15365,-1
15366,4506
15367,4507
15368,4508
15369,-1
15370,-1
15371,4503
15372,4504
15373,4505
15374,-1
15375,-1
15376,4500
15377,4501
15378,4502
15379,-1
15380,-1
15381,4497
15382,4498
15383,4499
15384,-1
15385,-1
15386,4494
15387,4495
15388,4496
15389,-1
15390,-1
15391,4491
15392,-1
15393,4809
15394,4810
15395,4811
15396,-1
15397,-1
15398,4806
15399,4807
15400,4808
15401,-1
15402,-1
15403,4803
15404,4804
15405,4805
15406,-1
15407,-1
15408,4800
15409,4801
15410,4802
15411,-1
15412,-1
15413,4797
15414,4798
15415,4799
15416,-1
15417,-1
15418,4794
15419,4795
15420,4796
15421,-1
15422,-1
15423,4791
15424,-1
15425,5229
15426,5230
15427,5231
15428,-1
15429,-1
15430,5226
15431,5227
15432,5228
15433,-1
15434,-1
15435,5223
15436,5224
15437,5225
15438,-1
15439,-1
15440,5220
15441,5221
15442,5222
15443,-1
15444,-1
15445,5217
15446,5218
15447,5219
15448,-1
15449,-1
15450,5214
15451,5215
15452,5216
15453,-1
15454,-1
15455,5211
15456,-1
15457,5523
15458,5524
15459,5525
15460,-1
15461,-1
15462,5520
15463,5521
15464,5522
15465,-1
15466,-1
15467,5517
15468,5518
15469,5519
15470,-1
15471,-1
15472,5514
15473,5515
15474,5516
15475,-1
15476,-1
15477,5511
15478,5512
15479,5513
15480,-1
15481,-1
15482,5508
15483,5509
15484,5510
15485,-1
15486,-1
15487,5505
15488,-1
15489,5802
15490,5803
15491,5804
15492,-1
15493,-1
15494,5799
15495,5800
15496,5801
15497,-1
15498,-1
15499,5796
15500,5797
15501,5798
15502,-1
15503,-1
15504,5793
15505,5794
15506,5795
15507,-1
15508,-1
15509,5790
15510,5791
15511,5792
15512,-1
15513,-1
15514,5787
15515,5788
15516,5789
15517,-1
15518,-1
15519,5784
15520,-1
15521,6093
15522,6094
15523,6095
15524,-1
15525,-1
15526,6090
15527,6091
15528,6092
15529,-1
15530,-1
15531,6087
15532,6088
15533,6089
15534,-1
15535,-1
15536,6084
15537,6085
15538,6086
15539,-1
15540,-1
15541,6081
15542,6082
15543,6083
15544,-1
15545,-1
15546,6078
15547,6079
15548,6080
15549,-1
15550,-1
15551,6075
15552,-1
15553,6519
15554,6520
15555,6521
15556,-1
15557,-1
15558,6516
15559,6517
15560,6518
15561,-1
15562,-1
15563,6513
15564,6514
15565,6515
15566,-1
15567,-1
15568,6510
15569,6511
15570,6512
15571,-1
15572,-1
15573,6507
15574,6508
15575,6509
15576,-1
15577,-1
15578,6504
15579,6505
15580,6506
15581,-1
15582,-1
15583,6501
15584,-1
15585,6810
15586,6811
15587,6812
15588,-1
15589,-1
15590,6807
15591,6808
15592,6809
15593,-1
15594,-1
15595,6804
15596,6805
15597,6806
15598,-1
15599,-1
15600,6801
15601,6802
15602,6803
15603,-1
15604,-1
15605,6798
15606,6799
15607,6800
15608,-1
15609,-1
15610,6795
15611,6796
15612,6797
15613,-1
15614,-1
15615,6792
15616,-1
15617,7239
15618,7240
15619,7241
15620,-1
15621,-1
15622,7236
15623,7237
15624,7238
15625,-1
15626,-1
15627,7233
15628,7234
15629,7235
15630,-1
15631,-1
15632,7230
15633,7231
15634,7232
15635,-1
15636,-1
15637,7227
15638,7228
15639,7229
15640,-1
15641,-1
15642,7224
15643,7225
15644,7226
15645,-1
15646,-1
15647,7221
15648,-1
15649,7527
15650,7528
15651,7529
15652,-1
15653,-1
15654,7524
15655,7525
15656,7526
15657,-1
15658,-1
15659,7521
15660,7522
15661,7523
15662,-1
15663,-1
15664,7518
15665,7519
15666,7520
15667,-1
15668,-1
15669,7515
15670,7516
15671,7517
15672,-1
15673,-1
15674,7512
15675,7513
15676,7514
15677,-1
15678,-1
15679,7509
15680,-1
15681,7959
15682,7960
15683,7961
15684,-1
15685,-1
15686,7956
15687,7957
15688,7958
15689,-1
15690,-1
15691,7953
15692,7954
15693,7955
15694,-1
15695,-1
15696,7950
15697,7951
15698,7952
15699,-1
15700,-1
15701,7947
15702,7948
15703,7949
15704,-1
15705,-1
15706,7944
15707,7945
15708,7946
15709,-1
15710,-1
15711,7941
15712,-1
15713,8247
15714,8248
15715,8249
15716,-1
15717,-1
15718,8244
15719,8245
15720,8246
15721,-1
15722,-1
15723,8241
15724,8242
15725,8243
15726,-1
15727,-1
15728,8238
15729,8239
15730,8240
15731,-1
15732,-1
15733,8235
15734,8236
15735,8237
15736,-1
15737,-1
15738,8232
15739,8233
15740,8234
15741,-1
15742,-1
15743,8229
15744,-1
15745,8766
15746,8767
15747,8768
15748,-1
15749,-1
15750,8763
15751,8764
15752,8765
15753,-1
15754,-1
15755,8760
15756,8761
15757,8762
15758,-1
15759,-1
15760,8757
15761,8758
15762,8759
15763,-1
15764,-1
15765,8754
15766,8755
15767,8756
15768,-1
15769,-1
15770,8751
15771,8752
15772,8753
15773,-1
15774,-1
15775,8748
15776,-1
15777,9036
15778,9037
15779,9038
15780,-1
15781,-1
15782,9033
15783,9034
15784,9035
15785,-1
15786,-1
15787,9030
15788,9031
15789,9032
15790,-1
15791,-1
15792,9027
15793,9028
15794,9029
15795,-1
15796,-1
15797,9024
15798,9025
15799,9026
15800,-1
15801,-1
15802,9021
15803,9022
15804,9023
15805,-1
15806,-1
15807,9018
15808,-1
15809,9483
15810,9484
15811,9485
15812,-1
15813,-1
15814,9480
15815,9481
15816,9482
15817,-1
15818,-1
15819,9477
15820,9478
15821,9479
15822,-1
15823,-1
15824,9474
15825,9475
15826,9476
15827,-1
15828,-1
15829,9471
15830,9472
15831,9473
15832,-1
15833,-1
15834,9468
15835,9469
15836,9470
15837,-1
15838,-1
15839,9465
15840,-1
15841,9753
15842,9754
15843,9755
15844,-1
15845,-1
15846,9750
15847,9751
15848,9752
15849,-1
15850,-1
15851,9747
15852,9748
15853,9749
15854,-1
15855,-1
15856,9744
15857,9745
15858,9746
15859,-1
15860,-1
15861,9741
15862,9742
15863,9743
15864,-1
15865,-1
15866,9738
15867,9739
15868,9740
15869,-1
15870,-1
15871,9735
15872,-1
15873,10203
15874,10204
15875,10205
15876,-1
15877,-1
15878,10200
15879,10201
15880,10202
15881,-1
15882,-1
15883,10197
15884,10198
15885,10199
15886,-1
15887,-1
15888,10194
15889,10195
15890,10196
15891,-1
15892,-1
15893,10191
15894,10192
15895,10193
15896,-1
15897,-1
15898,10188
15899,10189
15900,10190
15901,-1
15902,-1
15903,10185
15904,-1
15905,10470
15906,10471
15907,10472
15908,-1
15909,-1
15910,10467
15911,10468
15912,10469
15913,-1
15914,-1
15915,10464
15916,10465
15917,10466
15918,-1
15919,-1
15920,10461
15921,10462
15922,10463
15923,-1
15924,-1
15925,10458
15926,10459
15927,10460
15928,-1
15929,-1
15930,10455
15931,10456
15932,10457
15933,-1
15934,-1
15935,10452
15936,-1
15937,10923
15938,10924
15939,10925
15940,-1
15941,-1
15942,10920
15943,10921
15944,10922
15945,-1
15946,-1
15947,10917
15948,10918
15949,10919
15950,-1
15951,-1
15952,10914
15953,10915
15954,10916
15955,-1
15956,-1
15957,10911
15958,10912
15959,10913
15960,-1
15961,-1
15962,10908
15963,10909
15964,10910
15965,-1
15966,-1
15967,10905
15968,-1
15969,11190
15970,11191
15971,11192
15972,-1
15973,-1
15974,11187
15975,11188
15976,11189
15977,-1
15978,-1
15979,11184
15980,11185
15981,11186
15982,-1
15983,-1
15984,11181
15985,11182
15986,11183
15987,-1
15988,-1
15989,11178
15990,11179
15991,11180
15992,-1
15993,-1
15994,11175
15995,11176
15996,11177
15997,-1
15998,-1
15999,11172
16000,-1
16001,12099
16002,12100
16003,12101
16004,-1
16005,-1
16006,12096
16007,12097
16008,12098
16009,-1
16010,-1
16011,12093
16012,12094
16013,12095
16014,-1
16015,-1
16016,12090
16017,12091
16018,12092
16019,-1
16020,-1
16021,12087
16022,12088
16023,12089
16024,-1
16025,-1
16026,12084
16027,12085
16028,12086
16029,-1
16030,-1
16031,12081
16032,-1
16033,11775
16034,11776
16035,11777
16036,-1
16037,-1
16038,11772
16039,11773
16040,11774
16041,-1
16042,-1
16043,11769
16044,11770
16045,11771
16046,-1
16047,-1
16048,11766
16049,11767
16050,11768
16051,-1
16052,-1
16053,11763
16054,11764
16055,11765
16056,-1
16057,-1
16058,11760
16059,11761
16060,11762
16061,-1
16062,-1
16063,11757
16064,-1
16065,12816
16066,12817
16067,12818
16068,-1
16069,-1
16070,12813
16071,12814
16072,12815
16073,-1
16074,-1
16075,12810
16076,12811
16077,12812
16078,-1
16079,-1
16080,12807
16081,12808
16082,12809
16083,-1
16084,-1
16085,12804
16086,12805
16087,12806
16088,-1
16089,-1
16090,12801
16091,12802
16092,12803
16093,-1
16094,-1
16095,12798
16096,-1
16097,12558
16098,12559
16099,12560
16100,-1
16101,-1
16102,12555
16103,12556
16104,12557
16105,-1
16106,-1
16107,12552
16108,12553
16109,12554
16110,-1
16111,-1
16112,12549
16113,12550
16114,12551
16115,-1
16116,-1
16117,12546
16118,12547
16119,12548
16120,-1
16121,-1
16122,12543
16123,12544
16124,12545
16125,-1
16126,-1
16127,12540
16128,238
16129,239
16130,-1
16131,-1
16132,234
16133,235
16134,236
16135,-1
16136,-1
16137,231
16138,232
16139,233
16140,-1
16141,-1
16142,228
16143,229
16144,230
16145,-1
16146,-1
16147,225
16148,226
16149,227
16150,-1
16151,-1
16152,222
16153,223
16154,224
16155,-1
16156,-1
16157,219
16158,220
16159,221
16160,571
16161,572
16162,-1
16163,-1
16164,567
16165,568
16166,569
16167,-1
16168,-1
16169,564
16170,565
16171,566
16172,-1
16173,-1
16174,561
16175,562
16176,563
16177,-1
16178,-1
16179,558
16180,559
16181,560
16182,-1
16183,-1
16184,555
16185,556
16186,557
16187,-1
16188,-1
16189,552
16190,553
16191,554
16192,955
16193,956
16194,-1
16195,-1
16196,951
16197,952
16198,953
16199,-1
16200,-1
16201,948
16202,949
16203,950
16204,-1
16205,-1
16206,945
16207,946
16208,947
16209,-1
16210,-1
16211,942
16212,943
16213,944
16214,-1
16215,-1
16216,939
16217,940
16218,941
16219,-1
16220,-1
16221,936
16222,937
16223,938
16224,1285
16225,1286
16226,-1
16227,-1
16228,1281
16229,1282
16230,1283
16231,-1
16232,-1
16233,1278
16234,1279
16235,1280
16236,-1
16237,-1
16238,1275
16239,1276
16240,1277
16241,-1
16242,-1
16243,1272
16244,1273
16245,1274
16246,-1
16247,-1
16248,1269
16249,1270
16250,1271
16251,-1
16252,-1
16253,1266
16254,1267
16255,1268
16256,1675
16257,1676
16258,-1
16259,-1
16260,1671
16261,1672
16262,1673
16263,-1
16264,-1
16265,1668
16266,1669
16267,1670
16268,-1
16269,-1
16270,1665
16271,1666
16272,1667
16273,-1
16274,-1
16275,1662
16276,1663
16277,1664
16278,-1
16279,-1
16280,1659
16281,1660
16282,1661
16283,-1
16284,-1
16285,1656
16286,1657
16287,1658
16288,1996
16289,1997
16290,-1
16291,-1
16292,1992
16293,1993
16294,1994
16295,-1
16296,-1
16297,1989
16298,1990
16299,1991
16300,-1
16301,-1
16302,1986
16303,1987
16304,1988
16305,-1
16306,-1
16307,1983
16308,1984
16309,1985
16310,-1
16311,-1
16312,1980
16313,1981
16314,1982
16315,-1
16316,-1
16317,1977
16318,1978
16319,1979
16320,2395
16321,2396
16322,-1
16323,-1
16324,2391
16325,2392
16326,2393
16327,-1
16328,-1
16329,2388
16330,2389
16331,2390
16332,-1
16333,-1
16334,2385
16335,2386
16336,2387
16337,-1
16338,-1
16339,2382
16340,2383
16341,2384
16342,-1
16343,-1
16344,2379
16345,2380
16346,2381
16347,-1
16348,-1
16349,2376
16350,2377
16351,2378
16352,2716
16353,2717
16354,-1
16355,-1
16356,2712
16357,2713
16358,2714
16359,-1
16360,-1
16361,2709
16362,2710
16363,2711
16364,-1
16365,-1
16366,2706
16367,2707
16368,2708
16369,-1
16370,-1
16371,2703
16372,2704
16373,2705
16374,-1
16375,-1
16376,2700
16377,2701
16378,2702
16379,-1
16380,-1
16381,2697
16382,2698
16383,2699
16384,3049
16385,3050
16386,-1
16387,-1
16388,3045
16389,3046
16390,3047
16391,-1
16392,-1
16393,3042
16394,3043
16395,3044
16396,-1
16397,-1
16398,3039
16399,3040
16400,3041
16401,-1
16402,-1
16403,3036
16404,3037
16405,3038
16406,-1
16407,-1
16408,3033
16409,3034
16410,3035
16411,-1
16412,-1
16413,3030
16414,3031
16415,3032
16416,3358
16417,3359
16418,-1
16419,-1
16420,3354
16421,3355
16422,3356
16423,-1
16424,-1
16425,3351
16426,3352
16427,3353
16428,-1
16429,-1
16430,3348
16431,3349
16432,3350
16433,-1
16434,-1
16435,3345
16436,3346
16437,3347
16438,-1
16439,-1
16440,3342
16441,3343
16442,3344
16443,-1
16444,-1
16445,3339
16446,3340
16447,3341
16448,3772
16449,3773
16450,-1
16451,-1
16452,3768
16453,3769
16454,3770
16455,-1
16456,-1
16457,3765
16458,3766
16459,3767
16460,-1
16461,-1
16462,3762
16463,3763
16464,3764
16465,-1
16466,-1
16467,3759
16468,3760
16469,3761
16470,-1
16471,-1
16472,3756
16473,3757
16474,3758
16475,-1
16476,-1
16477,3753
16478,3754
16479,3755
16480,4075
16481,4076
16482,-1
16483,-1
16484,4071
16485,4072
16486,4073
16487,-1
16488,-1
16489,4068
16490,4069
16491,4070
16492,-1
16493,-1
16494,4065
16495,4066
16496,4067
16497,-1
16498,-1
16499,4062
16500,4063
16501,4064
16502,-1
16503,-1
16504,4059
16505,4060
16506,4061
16507,-1
16508,-1
16509,4056
16510,4057
16511,4058
16512,4492
16513,4493
16514,-1
16515,-1
16516,4488
16517,4489
16518,4490
16519,-1
16520,-1
16521,4485
16522,4486
16523,4487
16524,-1
16525,-1
16526,4482
16527,4483
16528,4484
16529,-1
16530,-1
16531,4479
16532,4480
16533,4481
16534,-1
16535,-1
16536,4476
16537,4477
16538,4478
16539,-1
16540,-1
16541,4473
16542,4474
16543,4475
16544,4792
16545,4793
16546,-1
16547,-1
16548,4788
16549,4789
16550,4790
16551,-1
16552,-1
16553,4785
16554,4786
16555,4787
16556,-1
16557,-1
16558,4782
16559,4783
16560,4784
16561,-1
16562,-1
16563,4779
16564,4780
16565,4781
16566,-1
16567,-1
16568,4776
16569,4777
16570,4778
16571,-1
16572,-1
16573,4773
16574,4774
16575,4775
16576,5212
16577,5213
16578,-1
16579,-1
16580,5208
16581,5209
16582,5210
16583,-1
16584,-1
16585,5205
16586,5206
16587,5207
16588,-1
16589,-1
16590,5202
16591,5203
16592,5204
16593,-1
16594,-1
16595,5199
16596,5200
16597,5201
16598,-1
16599,-1
16600,5196
16601,5197
16602,5198
16603,-1
16604,-1
16605,5193
16606,5194
16607,5195
16608,5506
16609,5507
16610,-1
16611,-1
16612,5502
16613,5503
16614,5504
16615,-1
16616,-1
16617,5499
16618,5500
16619,5501
16620,-1
16621,-1
16622,5496
16623,5497
16624,5498
16625,-1
16626,-1
16627,5493
16628,5494
16629,5495
16630,-1
16631,-1
16632,5490
16633,5491
16634,5492
16635,-1
16636,-1
16637,5487
16638,5488
16639,5489
16640,5785
16641,5786
16642,-1
16643,-1
16644,5781
16645,5782
16646,5783
16647,-1
16648,-1
16649,5778
16650,5779
16651,5780
16652,-1
16653,-1
16654,5775
16655,5776
16656,5777
16657,-1
16658,-1
16659,5772
16660,5773
16661,5774
16662,-1
16663,-1
16664,5769
16665,5770
16666,5771
16667,-1
16668,-1
16669,5766
16670,5767
16671,5768
16672,6076
16673,6077
16674,-1
16675,-1
16676,6072
16677,6073
16678,6074
16679,-1
16680,-1
16681,6069
16682,6070
16683,6071
16684,-1
16685,-1
16686,6066
16687,6067
16688,6068
16689,-1
16690,-1
16691,6063
16692,6064
16693,6065
16694,-1
16695,-1
16696,6060
16697,6061
16698,6062
16699,-1
16700,-1
16701,6057
16702,6058
16703,6059
16704,6502
16705,6503
16706,-1
16707,-1
16708,6498
16709,6499
16710,6500
16711,-1
16712,-1
16713,6495
16714,6496
16715,6497
16716,-1
16717,-1
16718,6492
16719,6493
16720,6494
16721,-1
16722,-1
16723,6489
16724,6490
16725,6491
16726,-1
16727,-1
16728,6486
16729,6487
16730,6488
16731,-1
16732,-1
16733,6483
16734,6484
16735,6485
16736,6793
16737,6794
16738,-1
16739,-1
16740,6789
16741,6790
16742,6791
16743,-1
16744,-1
16745,6786
16746,6787
16747,6788
16748,-1
16749,-1
16750,6783
16751,6784
16752,6785
16753,-1
16754,-1
16755,6780
16756,6781
16757,6782
16758,-1
16759,-1
16760,6777
16761,6778
16762,6779
16763,-1
16764,-1
16765,6774
16766,6775
16767,6776
16768,7222
16769,7223
16770,-1
16771,-1
16772,7218
16773,7219
16774,7220
16775,-1
16776,-1
16777,7215
16778,7216
16779,7217
16780,-1
16781,-1
16782,7212
16783,7213
16784,7214
16785,-1
16786,-1
16787,7209
16788,7210
16789,7211
16790,-1
16791,-1
16792,7206
16793,7207
16794,7208
16795,-1
16796,-1
16797,7203
16798,7204
16799,7205
16800,7510
16801,7511
16802,-1
16803,-1
16804,7506
16805,7507
16806,7508
16807,-1
16808,-1
16809,7503
16810,7504
16811,7505
16812,-1
16813,-1
16814,7500
16815,7501
16816,7502
16817,-1
16818,-1
16819,7497
16820,7498
16821,7499
16822,-1
16823,-1
16824,7494
16825,7495
16826,7496
16827,-1
16828,-1
16829,7491
16830,7492
16831,7493
16832,7942
16833,7943
16834,-1
16835,-1
16836,7938
16837,7939
16838,7940
16839,-1
16840,-1
16841,7935
16842,7936
16843,7937
16844,-1
16845,-1
16846,7932
16847,7933
16848,7934
16849,-1
16850,-1
16851,7929
16852,7930
16853,7931
16854,-1
16855,-1
16856,7926
16857,7927
16858,7928
16859,-1
16860,-1
16861,7923
16862,7924
16863,7925
16864,8230
16865,8231
16866,-1
16867,-1
16868,8226
16869,8227
16870,8228
16871,-1
16872,-1
16873,8223
16874,8224
16875,8225
16876,-1
16877,-1
16878,8220
16879,8221
16880,8222
16881,-1
16882,-1
16883,8217
16884,8218
16885,8219
16886,-1
16887,-1
16888,8214
16889,8215
16890,8216
16891,-1
16892,-1
16893,8211
16894,8212
16895,8213
16896,8749
16897,8750
16898,-1
16899,-1
16900,8745
16901,8746
16902,8747
16903,-1
16904,-1
16905,8742
16906,8743
16907,8744
16908,-1
16909,-1
16910,8739
16911,8740
16912,8741
16913,-1
16914,-1
16915,8736
16916,8737
16917,8738
16918,-1
16919,-1
16920,8733
16921,8734
16922,8735
16923,-1
16924,-1
16925,8730
16926,8731
16927,8732
16928,9019
16929,9020
16930,-1
16931,-1
16932,9015
16933,9016
16934,9017
16935,-1
16936,-1
16937,9012
16938,9013
16939,9014
16940,-1
16941,-1
16942,9009
16943,9010
16944,9011
16945,-1
16946,-1
16947,9006
16948,9007
16949,9008
16950,-1
16951,-1
16952,9003
16953,9004
16954,9005
16955,-1
16956,-1
16957,9000
16958,9001
16959,9002
16960,9466
16961,9467
16962,-1
16963,-1
16964,9462
16965,9463
16966,9464
16967,-1
16968,-1
16969,9459
16970,9460
16971,9461
16972,-1
16973,-1
16974,9456
16975,9457
16976,9458
16977,-1
16978,-1
16979,9453
16980,9454
16981,9455
16982,-1
16983,-1
16984,9450
16985,9451
16986,9452
16987,-1
16988,-1
16989,9447
16990,9448
16991,9449
16992,9736
16993,9737
16994,-1
16995,-1
16996,9732
16997,9733
16998,9734
16999,-1
17000,-1
17001,9729
17002,9730
17003,9731
17004,-1
17005,-1
17006,9726
17007,9727
17008,9728
17009,-1
17010,-1
17011,9723
17012,9724
17013,9725
17014,-1
17015,-1
17016,9720
17017,9721
17018,9722
17019,-1
17020,-1
17021,9717
17022,9718
17023,9719
17024,10186
17025,10187
17026,-1
17027,-1
17028,10182
17029,10183
17030,10184
17031,-1
17032,-1
17033,10179
17034,10180
17035,10181
17036,-1
17037,-1
17038,10176
17039,10177
17040,10178
17041,-1
17042,-1
17043,10173
17044,10174
17045,10175
17046,-1
17047,-1
17048,10170
17049,10171
17050,10172
17051,-1
17052,-1
17053,10167
17054,10168
17055,10169
17056,10453
17057,10454
17058,-1
17059,-1
17060,10449
17061,10450
17062,10451
17063,-1
17064,-1
17065,10446
17066,10447
17067,10448
17068,-1
17069,-1
17070,10443
17071,10444
17072,10445
17073,-1
17074,-1
17075,10440
17076,10441
17077,10442
17078,-1
17079,-1
17080,10437
17081,10438
17082,10439
17083,-1
17084,-1
17085,10434
17086,10435
17087,10436
17088,10906
17089,10907
17090,-1
17091,-1
17092,10902
17093,10903
17094,10904
17095,-1
17096,-1
17097,10899
17098,10900
17099,10901
17100,-1
17101,-1
17102,10896
17103,10897
17104,10898
17105,-1
17106,-1
17107,10893
17108,10894
17109,10895
17110,-1
17111,-1
17112,10890
17113,10891
17114,10892
17115,-1
17116,-1
17117,10887
17118,10888
17119,10889
17120,11173
17121,11174
17122,-1
17123,-1
17124,11169
17125,11170
17126,11171
17127,-1
17128,-1
17129,11166
17130,11167
17131,11168
17132,-1
17133,-1
17134,11163
17135,11164
17136,11165
17137,-1
17138,-1
17139,11160
17140,11161
17141,11162
17142,-1
17143,-1
17144,11157
17145,11158
17146,11159
17147,-1
17148,-1
17149,11154
17150,11155
17151,11156
17152,12082
17153,12083
17154,-1
17155,-1
17156,12078
17157,12079
17158,12080
17159,-1
17160,-1
17161,12075
17162,12076
17163,12077
17164,-1
17165,-1
17166,12072
17167,12073
17168,12074
17169,-1
17170,-1
17171,12069
17172,12070
17173,12071
17174,-1
17175,-1
17176,12066
17177,12067
17178,12068
17179,-1
17180,-1
17181,12063
17182,12064
17183,12065
17184,11758
17185,11759
17186,-1
17187,-1
17188,11754
17189,11755
17190,11756
17191,-1
17192,-1
17193,11751
17194,11752
17195,11753
17196,-1
17197,-1
17198,11748
17199,11749
17200,11750
17201,-1
17202,-1
17203,11745
17204,11746
17205,11747
17206,-1
17207,-1
17208,11742
17209,11743
17210,11744
17211,-1
17212,-1
17213,11739
17214,11740
17215,11741
17216,12799
17217,12800
17218,-1
17219,-1
17220,12795
17221,12796
17222,12797
17223,-1
17224,-1
17225,12792
17226,12793
17227,12794
17228,-1
17229,-1
17230,12789
17231,12790
17232,12791
17233,-1
17234,-1
17235,12786
17236,12787
17237,12788
17238,-1
17239,-1
17240,12783
17241,12784
17242,12785
17243,-1
17244,-1
17245,12780
17246,12781
17247,12782
17248,12541
17249,12542
17250,-1
17251,-1
17252,12537
17253,12538
17254,12539
17255,-1
17256,-1
17257,12534
17258,12535
17259,12536
17260,-1
17261,-1
17262,12531
17263,12532
17264,12533
17265,-1
17266,-1
17267,12528
17268,12529
17269,12530
17270,-1
17271,-1
17272,12525
17273,12526
17274,12527
17275,-1
17276,-1
17277,12522
17278,12523
17279,12524
17280,-1
17281,-1
17282,216
17283,217
17284,218
17285,-1
17286,-1
17287,213
17288,214
17289,215
17290,-1
17291,-1
17292,210
17293,211
17294,212
17295,-1
17296,-1
17297,207
17298,208
17299,209
17300,-1
17301,-1
17302,204
17303,205
17304,206
17305,-1
17306,-1
17307,201
17308,202
17309,203
17310,-1
17311,-1
17312,-1
17313,-1
17314,549
17315,550
17316,551
17317,-1
17318,-1
17319,546
17320,547
17321,548
17322,-1
17323,-1
17324,543
17325,544
17326,545
17327,-1
17328,-1
17329,540
17330,541
17331,542
17332,-1
17333,-1
17334,537
17335,538
17336,539
17337,-1
17338,-1
17339,534
17340,535
17341,536
17342,-1
17343,-1
17344,-1
17345,-1
17346,933
17347,934
17348,935
17349,-1
17350,-1
17351,930
17352,931
17353,932
17354,-1
17355,-1
17356,927
17357,928
17358,929
17359,-1
17360,-1
17361,924
17362,925
17363,926
17364,-1
17365,-1
17366,921
17367,922
17368,923
17369,-1
17370,-1
17371,918
17372,919
17373,920
17374,-1
17375,-1
17376,-1
17377,-1
17378,1263
17379,1264
17380,1265
17381,-1
17382,-1
17383,1260
17384,1261
17385,1262
17386,-1
17387,-1
17388,1257
17389,1258
17390,1259
17391,-1
17392,-1
17393,1254
17394,1255
17395,1256
17396,-1
17397,-1
17398,1251
17399,1252
17400,1253
17401,-1
17402,-1
17403,1248
17404,1249
17405,1250
17406,-1
17407,-1
17408,-1
17409,-1
17410,1653
17411,1654
17412,1655
17413,-1
17414,-1
17415,1650
17416,1651
17417,1652
17418,-1
17419,-1
17420,1647
17421,1648
17422,1649
17423,-1
17424,-1
17425,1644
17426,1645
17427,1646
17428,-1
17429,-1
17430,1641
17431,1642
17432,1643
17433,-1
17434,-1
17435,1638
17436,1639
17437,1640
17438,-1
17439,-1
17440,-1
17441,-1
17442,1974
17443,1975
17444,1976
17445,-1
17446,-1
17447,1971
17448,1972
17449,1973
17450,-1
17451,-1
17452,1968
17453,1969
17454,1970
17455,-1
17456,-1
17457,1965
17458,1966
17459,1967
17460,-1
17461,-1
17462,1962
17463,1963
17464,1964
17465,-1
17466,-1
17467,1959
17468,1960
17469,1961
17470,-1
17471,-1
17472,-1
17473,-1
17474,2373
17475,2374
17476,2375
17477,-1
17478,-1
17479,2370
17480,2371
17481,2372
17482,-1
17483,-1
17484,2367
17485,2368
17486,2369
17487,-1
17488,-1
17489,2364
17490,2365
17491,2366
17492,-1
17493,-1
17494,2361
17495,2362
17496,2363
17497,-1
17498,-1
17499,2358
17500,2359
17501,2360
17502,-1
17503,-1
17504,-1
17505,-1
17506,2694
17507,2695
17508,2696
17509,-1
17510,-1
17511,2691
17512,2692
17513,2693
17514,-1
17515,-1
17516,2688
17517,2689
17518,2690
17519,-1
17520,-1
17521,2685
17522,2686
17523,2687
17524,-1
17525,-1
17526,2682
17527,2683
17528,2684
17529,-1
17530,-1
17531,2679
17532,2680
17533,2681
17534,-1
17535,-1
17536,-1
17537,-1
17538,3027
17539,3028
17540,3029
17541,-1
17542,-1
17543,3024
17544,3025
17545,3026
17546,-1
17547,-1
17548,3021
17549,3022
17550,3023
17551,-1
17552,-1
17553,3018
17554,3019
17555,3020
17556,-1
17557,-1
17558,3015
17559,3016
17560,3017
17561,-1
17562,-1
17563,3012
17564,3013
17565,3014
17566,-1
17567,-1
17568,-1
17569,-1
17570,3336
17571,3337
17572,3338
17573,-1
17574,-1
17575,3333
17576,3334
17577,3335
17578,-1
17579,-1
17580,3330
17581,3331
17582,3332
17583,-1
17584,-1
17585,3327
17586,3328
17587,3329
17588,-1
17589,-1
17590,3324
17591,3325
17592,3326
17593,-1
17594,-1
17595,3321
17596,3322
17597,3323
17598,-1
17599,-1
17600,-1
17601,-1
17602,3750
17603,3751
17604,3752
17605,-1
17606,-1
17607,3747
17608,3748
17609,3749
17610,-1
17611,-1
17612,3744
17613,3745
17614,3746
17615,-1
17616,-1
17617,3741
17618,3742
17619,3743
17620,-1
17621,-1
17622,3738
17623,3739
17624,3740
17625,-1
17626,-1
17627,3735
17628,3736
17629,3737
17630,-1
17631,-1
17632,-1
17633,-1
17634,4053
17635,4054
17636,4055
17637,-1
17638,-1
17639,4050
17640,4051
17641,4052
17642,-1
17643,-1
17644,4047
17645,4048
17646,4049
17647,-1
17648,-1
17649,4044
17650,4045
17651,4046
17652,-1
17653,-1
17654,4041
17655,4042
17656,4043
17657,-1
17658,-1
17659,4038
17660,4039
17661,4040
17662,-1
17663,-1
17664,-1
17665,-1
17666,4470
17667,4471
17668,4472
17669,-1
17670,-1
17671,4467
17672,4468
17673,4469
17674,-1
17675,-1
17676,4464
17677,4465
17678,4466
17679,-1
17680,-1
17681,4461
17682,4462
17683,4463
17684,-1
17685,-1
17686,4458
17687,4459
17688,4460
17689,-1
17690,-1
17691,4455
17692,4456
17693,4457
17694,-1
17695,-1
17696,-1
17697,-1
17698,4770
17699,4771
17700,4772
17701,-1
17702,-1
17703,4767
17704,4768
17705,4769
17706,-1
17707,-1
17708,4764
17709,4765
17710,4766
17711,-1
17712,-1
17713,4761
17714,4762
17715,4763
17716,-1
17717,-1
17718,4758
17719,4759
17720,4760
17721,-1
17722,-1
17723,4755
17724,4756
17725,4757
17726,-1
17727,-1
17728,-1
17729,-1
17730,5190
17731,5191
17732,5192
17733,-1
17734,-1
17735,5187
17736,5188
17737,5189
17738,-1
17739,-1
17740,5184
17741,5185
17742,5186
17743,-1
17744,-1
17745,5181
17746,5182
17747,5183
17748,-1
17749,-1
17750,5178
17751,5179
17752,5180
17753,-1
17754,-1
17755,5175
17756,5176
17757,5177
17758,-1
17759,-1
17760,-1
17761,-1
17762,5484
17763,5485
17764,5486
17765,-1
17766,-1
17767,5481
17768,5482
17769,5483
17770,-1
17771,-1
17772,5478
17773,5479
17774,5480
17775,-1
17776,-1
17777,5475
17778,5476
17779,5477
17780,-1
17781,-1
17782,5472
17783,5473
17784,5474
17785,-1
17786,-1
17787,5469
17788,5470
17789,5471
17790,-1
17791,-1
17792,-1
17793,-1
17794,5763
17795,5764
17796,5765
17797,-1
17798,-1
17799,5760
17800,5761
17801,5762
17802,-1
17803,-1
17804,6402
17805,6403
17806,6404
17807,-1
17808,-1
17809,6399
17810,6400
17811,6401
17812,-1
17813,-1
17814,6396
17815,6397
17816,6398
17817,-1
17818,-1
17819,6393
17820,6394
17821,6395
17822,-1
17823,-1
17824,-1
17825,-1
17826,6054
17827,6055
17828,6056
17829,-1
17830,-1
17831,6051
17832,6052
17833,6053
17834,-1
17835,-1
17836,6048
17837,6049
17838,6050
17839,-1
17840,-1
17841,6045
17842,6046
17843,6047
17844,-1
17845,-1
17846,6042
17847,6043
17848,6044
17849,-1
17850,-1
17851,6039
17852,6040
17853,6041
17854,-1
17855,-1
17856,-1
17857,-1
17858,6480
17859,6481
17860,6482
17861,-1
17862,-1
17863,7119
17864,7120
17865,7121
17866,-1
17867,-1
17868,7116
17869,7117
17870,7118
17871,-1
17872,-1
17873,7113
17874,7114
17875,7115
17876,-1
17877,-1
17878,7110
17879,7111
17880,7112
17881,-1
17882,-1
17883,7107
17884,7108
17885,7109
17886,-1
17887,-1
17888,-1
17889,-1
17890,6771
17891,6772
17892,6773
17893,-1
17894,-1
17895,6768
17896,6769
17897,6770
17898,-1
17899,-1
17900,6765
17901,6766
17902,6767
17903,-1
17904,-1
17905,6762
17906,6763
17907,6764
17908,-1
17909,-1
17910,6759
17911,6760
17912,6761
17913,-1
17914,-1
17915,6756
17916,6757
17917,6758
17918,-1
17919,-1
17920,-1
17921,-1
17922,7200
17923,7201
17924,7202
17925,-1
17926,-1
17927,7836
17928,7837
17929,7838
17930,-1
17931,-1
17932,7833
17933,7834
17934,7835
17935,-1
17936,-1
17937,7830
17938,7831
17939,7832
17940,-1
17941,-1
17942,7827
17943,7828
17944,7829
17945,-1
17946,-1
17947,7824
17948,7825
17949,7826
17950,-1
17951,-1
17952,-1
17953,-1
17954,7488
17955,7489
17956,7490
17957,-1
17958,-1
17959,7485
17960,7486
17961,7487
17962,-1
17963,-1
17964,7482
17965,7483
17966,7484
17967,-1
17968,-1
17969,7479
17970,7480
17971,7481
17972,-1
17973,-1
17974,7476
17975,7477
17976,7478
17977,-1
17978,-1
17979,7473
17980,7474
17981,7475
17982,-1
17983,-1
17984,-1
17985,-1
17986,7920
17987,7921
17988,7922
17989,-1
17990,-1
17991,8556
17992,8557
17993,8558
17994,-1
17995,-1
17996,8553
17997,8554
17998,8555
17999,-1
18000,-1
18001,8550
18002,8551
18003,8552
18004,-1
18005,-1
18006,8547
18007,8548
18008,8549
18009,-1
18010,-1
18011,8544
18012,8545
18013,8546
18014,-1
18015,-1
18016,-1
18017,-1
18018,8208
18019,8209
18020,8210
18021,-1
18022,-1
18023,8205
18024,8206
18025,8207
18026,-1
18027,-1
18028,8202
18029,8203
18030,8204
18031,-1
18032,-1
18033,8199
18034,8200
18035,8201
18036,-1
18037,-1
18038,8196
18039,8197
18040,8198
18041,-1
18042,-1
18043,8193
18044,8194
18045,8195
18046,-1
18047,-1
18048,-1
18049,-1
18050,8727
18051,8728
18052,8729
18053,-1
18054,-1
18055,8724
18056,8725
18057,8726
18058,-1
18059,-1
18060,8721
18061,8722
18062,8723
18063,-1
18064,-1
18065,8718
18066,8719
18067,8720
18068,-1
18069,-1
18070,8715
18071,8716
18072,8717
18073,-1
18074,-1
18075,8712
18076,8713
18077,8714
18078,-1
18079,-1
18080,-1
18081,-1
18082,8997
18083,8998
18084,8999
18085,-1
18086,-1
18087,8994
18088,8995
18089,8996
18090,-1
18091,-1
18092,8991
18093,8992
18094,8993
18095,-1
18096,-1
18097,8988
18098,8989
18099,8990
18100,-1
18101,-1
18102,8985
18103,8986
18104,8987
18105,-1
18106,-1
18107,8982
18108,8983
18109,8984
18110,-1
18111,-1
18112,-1
18113,-1
18114,9444
18115,9445
18116,9446
18117,-1
18118,-1
18119,9441
18120,9442
18121,9443
18122,-1
18123,-1
18124,9438
18125,9439
18126,9440
18127,-1
18128,-1
18129,9435
18130,9436
18131,9437
18132,-1
18133,-1
18134,9432
18135,9433
18136,9434
18137,-1
18138,-1
18139,9429
18140,9430
18141,9431
18142,-1
18143,-1
18144,-1
18145,-1
18146,9714
18147,9715
18148,9716
18149,-1
18150,-1
18151,9711
18152,9712
18153,9713
18154,-1
18155,-1
18156,9708
18157,9709
18158,9710
18159,-1
18160,-1
18161,9705
18162,9706
18163,9707
18164,-1
18165,-1
18166,9702
18167,9703
18168,9704
18169,-1
18170,-1
18171,9699
18172,9700
18173,9701
18174,-1
18175,-1
18176,-1
18177,-1
18178,10164
18179,10165
18180,10166
18181,-1
18182,-1
18183,10161
18184,10162
18185,10163
18186,-1
18187,-1
18188,10158
18189,10159
18190,10160
18191,-1
18192,-1
18193,10155
18194,10156
18195,10157
18196,-1
18197,-1
18198,10152
18199,10153
18200,10154
18201,-1
18202,-1
18203,10149
18204,10150
18205,10151
18206,-1
18207,-1
18208,-1
18209,-1
18210,10431
18211,10432
18212,10433
18213,-1
18214,-1
18215,10428
18216,10429
18217,10430
18218,-1
18219,-1
18220,10425
18221,10426
18222,10427
18223,-1
18224,-1
18225,10422
18226,10423
18227,10424
18228,-1
18229,-1
18230,10419
18231,10420
18232,10421
18233,-1
18234,-1
18235,10416
18236,10417
18237,10418
18238,-1
18239,-1
18240,-1
18241,-1
18242,10884
18243,10885
18244,10886
18245,-1
18246,-1
18247,10881
18248,10882
18249,10883
18250,-1
18251,-1
18252,10878
18253,10879
18254,10880
18255,-1
18256,-1
18257,10875
18258,10876
18259,10877
18260,-1
18261,-1
18262,10872
18263,10873
18264,10874
18265,-1
18266,-1
18267,10869
18268,10870
18269,10871
18270,-1
18271,-1
18272,-1
18273,-1
18274,11151
18275,11152
18276,11153
18277,-1
18278,-1
18279,11148
18280,11149
18281,11150
18282,-1
18283,-1
18284,11145
18285,11146
18286,11147
18287,-1
18288,-1
18289,11142
18290,11143
18291,11144
18292,-1
18293,-1
18294,11139
18295,11140
18296,11141
18297,-1
18298,-1
18299,11136
18300,11137
18301,11138
18302,-1
18303,-1
18304,-1
18305,-1
18306,12060
18307,12061
18308,12062
18309,-1
18310,-1
18311,12057
18312,12058
18313,12059
18314,-1
18315,-1
18316,12054
18317,12055
18318,12056
18319,-1
18320,-1
18321,12051
18322,12052
18323,12053
18324,-1
18325,-1
18326,12048
18327,12049
18328,12050
18329,-1
18330,-1
18331,12045
18332,12046
18333,12047
18334,-1
18335,-1
18336,-1
18337,-1
18338,11736
18339,11737
18340,11738
18341,-1
18342,-1
18343,11733
18344,11734
18345,11735
18346,-1
18347,-1
18348,11730
18349,11731
18350,11732
18351,-1
18352,-1
18353,11727
18354,11728
18355,11729
18356,-1
18357,-1
18358,11724
18359,11725
18360,11726
18361,-1
18362,-1
18363,11721
18364,11722
18365,11723
18366,-1
18367,-1
18368,-1
18369,-1
18370,12777
18371,12778
18372,12779
18373,-1
18374,-1
18375,12774
18376,12775
18377,12776
18378,-1
18379,-1
18380,12771
18381,12772
18382,12773
18383,-1
18384,-1
18385,12768
18386,12769
18387,12770
18388,-1
18389,-1
18390,12765
18391,12766
18392,12767
18393,-1
18394,-1
18395,12762
18396,12763
18397,12764
18398,-1
18399,-1
18400,-1
18401,-1
18402,12519
18403,12520
18404,12521
18405,-1
18406,-1
18407,12516
18408,12517
18409,12518
18410,-1
18411,-1
18412,12513
18413,12514
18414,12515
18415,-1
18416,-1
18417,12510
18418,12511
18419,12512
18420,-1
18421,-1
18422,12507
18423,12508
18424,12509
18425,-1
18426,-1
18427,12504
18428,12505
18429,12506
18430,-1
18431,-1
18432,198
18433,199
18434,200
18435,-1
18436,-1
18437,195
18438,196
18439,197
18440,-1
18441,-1
18442,192
18443,193
18444,194
18445,-1
18446,-1
18447,189
18448,190
18449,191
18450,-1
18451,-1
18452,186
18453,187
18454,188
18455,-1
18456,-1
18457,183
18458,184
18459,185
18460,-1
18461,-1
18462,180
18463,181
18464,531
18465,532
18466,533
18467,-1
18468,-1
18469,528
18470,529
18471,530
18472,-1
18473,-1
18474,525
18475,526
18476,527
18477,-1
18478,-1
18479,522
18480,523
18481,524
18482,-1
18483,-1
18484,519
18485,520
18486,521
18487,-1
18488,-1
18489,516
18490,517
18491,518
18492,-1
18493,-1
18494,513
18495,514
18496,915
18497,916
18498,917
18499,-1
18500,-1
18501,912
18502,913
18503,914
18504,-1
18505,-1
18506,909
18507,910
18508,911
18509,-1
18510,-1
18511,906
18512,907
18513,908
18514,-1
18515,-1
18516,903
18517,904
18518,905
18519,-1
18520,-1
18521,900
18522,901
18523,902
18524,-1
18525,-1
18526,897
18527,898
18528,1245
18529,1246
18530,1247
18531,-1
18532,-1
18533,1242
18534,1243
18535,1244
18536,-1
18537,-1
18538,1239
18539,1240
18540,1241
18541,-1
18542,-1
18543,1236
18544,1237
18545,1238
18546,-1
18547,-1
18548,1233
18549,1234
18550,1235
18551,-1
18552,-1
18553,1230
18554,1231
18555,1232
18556,-1
18557,-1
18558,1227
18559,1228
18560,1635
18561,1636
18562,1637
18563,-1
18564,-1
18565,1632
18566,1633
18567,1634
18568,-1
18569,-1
18570,1629
18571,1630
18572,1631
18573,-1
18574,-1
18575,1626
18576,1627
18577,1628
18578,-1
18579,-1
18580,1623
18581,1624
18582,1625
18583,-1
18584,-1
18585,1620
18586,1621
18587,1622
18588,-1
18589,-1
18590,1617
18591,1618
18592,1956
18593,1957
18594,1958
18595,-1
18596,-1
18597,1953
18598,1954
18599,1955
18600,-1
18601,-1
18602,1950
18603,1951
18604,1952
18605,-1
18606,-1
18607,1947
18608,1948
18609,1949
18610,-1
18611,-1
18612,1944
18613,1945
18614,1946
18615,-1
18616,-1
18617,1941
18618,1942
18619,1943
18620,-1
18621,-1
18622,1938
18623,1939
18624,2355
18625,2356
18626,2357
18627,-1
18628,-1
18629,2352
18630,2353
18631,2354
18632,-1
18633,-1
18634,2349
18635,2350
18636,2351
18637,-1
18638,-1
18639,2346
18640,2347
18641,2348
18642,-1
18643,-1
18644,2343
18645,2344
18646,2345
18647,-1
18648,-1
18649,2340
18650,2341
18651,2342
18652,-1
18653,-1
18654,2337
18655,2338
18656,2676
18657,2677
18658,2678
18659,-1
18660,-1
18661,2673
18662,2674
18663,2675
18664,-1
18665,-1
18666,2670
18667,2671
18668,2672
18669,-1
18670,-1
18671,2667
18672,2668
18673,2669
18674,-1
18675,-1
18676,2664
18677,2665
18678,2666
18679,-1
18680,-1
18681,2661
18682,2662
18683,2663
18684,-1
18685,-1
18686,2658
18687,2659
18688,3009
18689,3010
18690,3011
18691,-1
18692,-1
18693,3006
18694,3007
18695,3008
18696,-1
18697,-1
18698,3003
18699,3004
18700,3005
18701,-1
18702,-1
18703,3000
18704,3001
18705,3002
18706,-1
18707,-1
18708,2997
18709,2998
18710,2999
18711,-1
18712,-1
18713,2994
18714,2995
18715,2996
18716,-1
18717,-1
18718,2991
18719,2992
18720,3318
18721,3319
18722,3320
18723,-1
18724,-1
18725,3315
18726,3316
18727,3317
18728,-1
18729,-1
18730,3312
18731,3313
18732,3314
18733,-1
18734,-1
18735,3309
18736,3310
18737,3311
18738,-1
18739,-1
18740,3306
18741,3307
18742,3308
18743,-1
18744,-1
18745,3303
18746,3304
18747,3305
18748,-1
18749,-1
18750,3300
18751,3301
18752,3732
18753,3733
18754,3734
18755,-1
18756,-1
18757,3729
18758,3730
18759,3731
18760,-1
18761,-1
18762,3726
18763,3727
18764,3728
18765,-1
18766,-1
18767,3723
18768,3724
18769,3725
18770,-1
18771,-1
18772,3720
18773,3721
18774,3722
18775,-1
18776,-1
18777,3717
18778,3718
18779,3719
18780,-1
18781,-1
18782,3714
18783,3715
18784,4035
18785,4036
18786,4037
18787,-1
18788,-1
18789,4032
18790,4033
18791,4034
18792,-1
18793,-1
18794,4029
18795,4030
18796,4031
18797,-1
18798,-1
18799,4026
18800,4027
18801,4028
18802,-1
18803,-1
18804,4023
18805,4024
18806,4025
18807,-1
18808,-1
18809,4020
18810,4021
18811,4022
18812,-1
18813,-1
18814,4017
18815,4018
18816,4452
18817,4453
18818,4454
18819,-1
18820,-1
18821,4449
18822,4450
18823,4451
18824,-1
18825,-1
18826,4446
18827,4447
18828,4448
18829,-1
18830,-1
18831,4443
18832,4444
18833,4445
18834,-1
18835,-1
18836,4440
18837,4441
18838,4442
18839,-1
18840,-1
18841,4437
18842,4438
18843,4439
18844,-1
18845,-1
18846,4434
18847,4435
18848,4752
18849,4753
18850,4754
18851,-1
18852,-1
18853,4749
18854,4750
18855,4751
18856,-1
18857,-1
18858,4746
18859,4747
18860,4748
18861,-1
18862,-1
18863,4743
18864,4744
18865,4745
18866,-1
18867,-1
18868,4740
18869,4741
18870,4742
18871,-1
18872,-1
18873,4737
18874,4738
18875,4739
18876,-1
18877,-1
18878,4734
18879,4735
18880,5172
18881,5173
18882,5174
18883,-1
18884,-1
18885,5169
18886,5170
18887,5171
18888,-1
18889,-1
18890,5166
18891,5167
18892,5168
18893,-1
18894,-1
18895,5163
18896,5164
18897,5165
18898,-1
18899,-1
18900,5160
18901,5161
18902,5162
18903,-1
18904,-1
18905,5157
18906,5158
18907,5159
18908,-1
18909,-1
18910,5154
18911,5155
18912,5466
18913,5467
18914,5468
18915,-1
18916,-1
18917,5463
18918,5464
18919,5465
18920,-1
18921,-1
18922,5460
18923,5461
18924,5462
18925,-1
18926,-1
18927,5457
18928,5458
18929,5459
18930,-1
18931,-1
18932,5454
18933,5455
18934,5456
18935,-1
18936,-1
18937,5451
18938,5452
18939,5453
18940,-1
18941,-1
18942,5448
18943,5449
18944,6390
18945,6391
18946,6392
18947,-1
18948,-1
18949,6387
18950,6388
18951,6389
18952,-1
18953,-1
18954,6384
18955,6385
18956,6386
18957,-1
18958,-1
18959,6381
18960,6382
18961,6383
18962,-1
18963,-1
18964,6378
18965,6379
18966,6380
18967,-1
18968,-1
18969,6375
18970,6376
18971,6377
18972,-1
18973,-1
18974,6372
18975,6373
18976,6036
18977,6037
18978,6038
18979,-1
18980,-1
18981,6033
18982,6034
18983,6035
18984,-1
18985,-1
18986,6030
18987,6031
18988,6032
18989,-1
18990,-1
18991,6027
18992,6028
18993,6029
18994,-1
18995,-1
18996,6024
18997,6025
18998,6026
18999,-1
19000,-1
19001,6021
19002,6022
19003,6023
19004,-1
19005,-1
19006,6018
19007,6019
19008,7104
19009,7105
19010,7106
19011,-1
19012,-1
19013,7101
19014,7102
19015,7103
19016,-1
19017,-1
19018,7098
19019,7099
19020,7100
19021,-1
19022,-1
19023,7095
19024,7096
19025,7097
19026,-1
19027,-1
19028,7092
19029,7093
19030,7094
19031,-1
19032,-1
19033,7089
19034,7090
19035,7091
19036,-1
19037,-1
19038,7086
19039,7087
19040,6753
19041,6754
19042,6755
19043,-1
19044,-1
19045,6750
19046,6751
19047,6752
19048,-1
19049,-1
19050,6747
19051,6748
19052,6749
19053,-1
19054,-1
19055,6744
19056,6745
19057,6746
19058,-1
19059,-1
19060,6741
19061,6742
19062,6743
19063,-1
19064,-1
19065,6738
19066,6739
19067,6740
19068,-1
19069,-1
19070,6735
19071,6736
19072,7821
19073,7822
19074,7823
19075,-1
19076,-1
19077,7818
19078,7819
19079,7820
19080,-1
19081,-1
19082,7815
19083,7816
19084,7817
19085,-1
19086,-1
19087,7812
19088,7813
19089,7814
19090,-1
19091,-1
19092,7809
19093,7810
19094,7811
19095,-1
19096,-1
19097,7806
19098,7807
19099,7808
19100,-1
19101,-1
19102,7803
19103,7804
19104,7470
19105,7471
19106,7472
19107,-1
19108,-1
19109,7467
19110,7468
19111,7469
19112,-1
19113,-1
19114,7464
19115,7465
19116,7466
19117,-1
19118,-1
19119,7461
19120,7462
19121,7463
19122,-1
19123,-1
19124,7458
19125,7459
19126,7460
19127,-1
19128,-1
19129,7455
19130,7456
19131,7457
19132,-1
19133,-1
19134,7452
19135,7453
19136,8541
19137,8542
19138,8543
19139,-1
19140,-1
19141,8538
19142,8539
19143,8540
19144,-1
19145,-1
19146,8535
19147,8536
19148,8537
19149,-1
19150,-1
19151,8532
19152,8533
19153,8534
19154,-1
19155,-1
19156,8529
19157,8530
19158,8531
19159,-1
19160,-1
19161,8526
19162,8527
19163,8528
19164,-1
19165,-1
19166,8523
19167,8524
19168,8190
19169,8191
19170,8192
19171,-1
19172,-1
19173,8187
19174,8188
19175,8189
19176,-1
19177,-1
19178,8184
19179,8185
19180,8186
19181,-1
19182,-1
19183,8181
19184,8182
19185,8183
19186,-1
19187,-1
19188,8178
19189,8179
19190,8180
19191,-1
19192,-1
19193,8175
19194,8176
19195,8177
19196,-1
19197,-1
19198,8172
19199,8173
19200,8709
19201,8710
19202,8711
19203,-1
19204,-1
19205,8706
19206,8707
19207,8708
19208,-1
19209,-1
19210,8703
19211,8704
19212,8705
19213,-1
19214,-1
19215,8700
19216,8701
19217,8702
19218,-1
19219,-1
19220,8697
19221,8698
19222,8699
19223,-1
19224,-1
19225,8694
19226,8695
19227,8696
19228,-1
19229,-1
19230,8691
19231,8692
19232,8979
19233,8980
19234,8981
19235,-1
19236,-1
19237,8976
19238,8977
19239,8978
19240,-1
19241,-1
19242,8973
19243,8974
19244,8975
19245,-1
19246,-1
19247,8970
19248,8971
19249,8972
19250,-1
19251,-1
19252,8967
19253,8968
19254,8969
19255,-1
19256,-1
19257,8964
19258,8965
19259,8966
19260,-1
19261,-1
19262,8961
19263,8962
19264,9426
19265,9427
19266,9428
19267,-1
19268,-1
19269,9423
19270,9424
19271,9425
19272,-1
19273,-1
19274,9420
19275,9421
19276,9422
19277,-1
19278,-1
19279,9417
19280,9418
19281,9419
19282,-1
19283,-1
19284,9414
19285,9415
19286,9416
19287,-1
19288,-1
19289,9411
19290,9412
19291,9413
19292,-1
19293,-1
19294,9408
19295,9409
19296,9696
19297,9697
19298,9698
19299,-1
19300,-1
19301,9693
19302,9694
19303,9695
19304,-1
19305,-1
19306,9690
19307,9691
19308,9692
19309,-1
19310,-1
19311,9687
19312,9688
19313,9689
19314,-1
19315,-1
19316,9684
19317,9685
19318,9686
19319,-1
19320,-1
19321,9681
19322,9682
19323,9683
19324,-1
19325,-1
19326,9678
19327,9679
19328,10146
19329,10147
19330,10148
19331,-1
19332,-1
19333,10143
19334,10144
19335,10145
19336,-1
19337,-1
19338,10140
19339,10141
19340,10142
19341,-1
19342,-1
19343,10137
19344,10138
19345,10139
19346,-1
19347,-1
19348,10134
19349,10135
19350,10136
19351,-1
19352,-1
19353,10131
19354,10132
19355,10133
19356,-1
19357,-1
19358,10128
19359,10129
19360,10413
19361,10414
19362,10415
19363,-1
19364,-1
19365,10410
19366,10411
19367,10412
19368,-1
19369,-1
19370,10407
19371,10408
19372,10409
19373,-1
19374,-1
19375,10404
19376,10405
19377,10406
19378,-1
19379,-1
19380,10401
19381,10402
19382,10403
19383,-1
19384,-1
19385,10398
19386,10399
19387,10400
19388,-1
19389,-1
19390,10395
19391,10396
19392,10866
19393,10867
19394,10868
19395,-1
19396,-1
19397,10863
19398,10864
19399,10865
19400,-1
19401,-1
19402,10860
19403,10861
19404,10862
19405,-1
19406,-1
19407,10857
19408,10858
19409,10859
19410,-1
19411,-1
19412,10854
19413,10855
19414,10856
19415,-1
19416,-1
19417,10851
19418,10852
19419,10853
19420,-1
19421,-1
19422,10848
19423,10849
19424,11133
19425,11134
19426,11135
19427,-1
19428,-1
19429,11130
19430,11131
19431,11132
19432,-1
19433,-1
19434,11127
19435,11128
19436,11129
19437,-1
19438,-1
19439,11124
19440,11125
19441,11126
19442,-1
19443,-1
19444,11121
19445,11122
19446,11123
19447,-1
19448,-1
19449,11118
19450,11119
19451,11120
19452,-1
19453,-1
19454,11115
19455,11116
19456,12042
19457,12043
19458,12044
19459,-1
19460,-1
19461,12039
19462,12040
19463,12041
19464,-1
19465,-1
19466,12036
19467,12037
19468,12038
19469,-1
19470,-1
19471,12033
19472,12034
19473,12035
19474,-1
19475,-1
19476,12030
19477,12031
19478,12032
19479,-1
19480,-1
19481,12027
19482,12028
19483,12029
19484,-1
19485,-1
19486,12024
19487,12025
19488,11718
19489,11719
19490,11720
19491,-1
19492,-1
19493,11715
19494,11716
19495,11717
19496,-1
19497,-1
19498,11712
19499,11713
19500,11714
19501,-1
19502,-1
19503,11709
19504,11710
19505,11711
19506,-1
19507,-1
19508,11706
19509,11707
19510,11708
19511,-1
19512,-1
19513,11703
19514,11704
19515,11705
19516,-1
19517,-1
19518,11700
19519,11701
19520,12759
19521,12760
19522,12761
19523,-1
19524,-1
19525,12756
19526,12757
19527,12758
19528,-1
19529,-1
19530,12753
19531,12754
19532,12755
19533,-1
19534,-1
19535,12750
19536,12751
19537,12752
19538,-1
19539,-1
19540,12747
19541,12748
19542,12749
19543,-1
19544,-1
19545,12744
19546,12745
19547,12746
19548,-1
19549,-1
19550,-1
19551,-1
19552,12501
19553,12502
19554,12503
19555,-1
19556,-1
19557,12498
19558,12499
19559,12500
19560,-1
19561,-1
19562,12495
19563,12496
19564,12497
19565,-1
19566,-1
19567,12492
19568,12493
19569,12494
19570,-1
19571,-1
19572,12489
19573,12490
19574,12491
19575,-1
19576,-1
19577,12486
19578,12487
19579,12488
19580,-1
19581,-1
19582,12483
19583,12484
19584,182
19585,-1
19586,-1
19587,177
19588,178
19589,179
19590,-1
19591,-1
19592,174
19593,175
19594,176
19595,-1
19596,-1
19597,171
19598,172
19599,173
19600,-1
19601,-1
19602,168
19603,169
19604,170
19605,-1
19606,-1
19607,165
19608,166
19609,167
19610,-1
19611,-1
19612,162
19613,163
19614,164
19615,-1
19616,515
19617,-1
19618,-1
19619,510
19620,511
19621,512
19622,-1
19623,-1
19624,507
19625,508
19626,509
19627,-1
19628,-1
19629,504
19630,505
19631,506
19632,-1
19633,-1
19634,501
19635,502
19636,503
19637,-1
19638,-1
19639,498
19640,499
19641,500
19642,-1
19643,-1
19644,495
19645,496
19646,497
19647,-1
19648,899
19649,-1
19650,-1
19651,894
19652,895
19653,896
19654,-1
19655,-1
19656,891
19657,892
19658,893
19659,-1
19660,-1
19661,888
19662,889
19663,890
19664,-1
19665,-1
19666,885
19667,886
19668,887
19669,-1
19670,-1
19671,882
19672,883
19673,884
19674,-1
19675,-1
19676,879
19677,880
19678,881
19679,-1
19680,1229
19681,-1
19682,-1
19683,1224
19684,1225
19685,1226
19686,-1
19687,-1
19688,1221
19689,1222
19690,1223
19691,-1
19692,-1
19693,1218
19694,1219
19695,1220
19696,-1
19697,-1
19698,1215
19699,1216
19700,1217
19701,-1
19702,-1
19703,1212
19704,1213
19705,1214
19706,-1
19707,-1
19708,1209
19709,1210
19710,1211
19711,-1
19712,1619
19713,-1
19714,-1
19715,1614
19716,1615
19717,1616
19718,-1
19719,-1
19720,1611
19721,1612
19722,1613
19723,-1
19724,-1
19725,1608
19726,1609
19727,1610
19728,-1
19729,-1
19730,1605
19731,1606
19732,1607
19733,-1
19734,-1
19735,1602
19736,1603
19737,1604
19738,-1
19739,-1
19740,1599
19741,1600
19742,1601
19743,-1
19744,1940
19745,-1
19746,-1
19747,1935
19748,1936
19749,1937
19750,-1
19751,-1
19752,1932
19753,1933
19754,1934
19755,-1
19756,-1
19757,1929
19758,1930
19759,1931
19760,-1
19761,-1
19762,1926
19763,1927
19764,1928
19765,-1
19766,-1
19767,1923
19768,1924
19769,1925
19770,-1
19771,-1
19772,1920
19773,1921
19774,1922
19775,-1
19776,2339
19777,-1
19778,-1
19779,2334
19780,2335
19781,2336
19782,-1
19783,-1
19784,2331
19785,2332
19786,2333
19787,-1
19788,-1
19789,2328
19790,2329
19791,2330
19792,-1
19793,-1
19794,2325
19795,2326
19796,2327
19797,-1
19798,-1
19799,2322
19800,2323
19801,2324
19802,-1
19803,-1
19804,2319
19805,2320
19806,2321
19807,-1
19808,2660
19809,-1
19810,-1
19811,2655
19812,2656
19813,2657
19814,-1
19815,-1
19816,2652
19817,2653
19818,2654
19819,-1
19820,-1
19821,2649
19822,2650
19823,2651
19824,-1
19825,-1
19826,2646
19827,2647
19828,2648
19829,-1
19830,-1
19831,2643
19832,2644
19833,2645
19834,-1
19835,-1
19836,2640
19837,2641
19838,2642
19839,-1
19840,2993
19841,-1
19842,-1
19843,2988
19844,2989
19845,2990
19846,-1
19847,-1
19848,2985
19849,2986
19850,2987
19851,-1
19852,-1
19853,2982
19854,2983
19855,2984
19856,-1
19857,-1
19858,2979
19859,2980
19860,2981
19861,-1
19862,-1
19863,2976
19864,2977
19865,2978
19866,-1
19867,-1
19868,2973
19869,2974
19870,2975
19871,-1
19872,3302
19873,-1
19874,-1
19875,3297
19876,3298
19877,3299
19878,-1
19879,-1
19880,3294
19881,3295
19882,3296
19883,-1
19884,-1
19885,3291
19886,3292
19887,3293
19888,-1
19889,-1
19890,3288
19891,3289
19892,3290
19893,-1
19894,-1
19895,3285
19896,3286
19897,3287
19898,-1
19899,-1
19900,3282
19901,3283
19902,3284
19903,-1
19904,3716
19905,-1
19906,-1
19907,3711
19908,3712
19909,3713
19910,-1
19911,-1
19912,3708
19913,3709
19914,3710
19915,-1
19916,-1
19917,3705
19918,3706
19919,3707
19920,-1
19921,-1
19922,3702
19923,3703
19924,3704
19925,-1
19926,-1
19927,3699
19928,3700
19929,3701
19930,-1
19931,-1
19932,3696
19933,3697
19934,3698
19935,-1
19936,4019
19937,-1
19938,-1
19939,4014
19940,4015
19941,4016
19942,-1
19943,-1
19944,4011
19945,4012
19946,4013
19947,-1
19948,-1
19949,4008
19950,4009
19951,4010
19952,-1
19953,-1
19954,4005
19955,4006
19956,4007
19957,-1
19958,-1
19959,4002
19960,4003
19961,4004
19962,-1
19963,-1
19964,3999
19965,4000
19966,4001
19967,-1
19968,4436
19969,-1
19970,-1
19971,4431
19972,4432
19973,4433
19974,-1
19975,-1
19976,4428
19977,4429
19978,4430
19979,-1
19980,-1
19981,4425
19982,4426
19983,4427
19984,-1
19985,-1
19986,4422
19987,4423
19988,4424
19989,-1
19990,-1
19991,4419
19992,4420
19993,4421
19994,-1
19995,-1
19996,4416
19997,4417
19998,4418
19999,-1
20000,4736
20001,-1
20002,-1
20003,4731
20004,4732
20005,4733
20006,-1
20007,-1
20008,4728
20009,4729
20010,4730
20011,-1
20012,-1
20013,4725
20014,4726
20015,4727
20016,-1
20017,-1
20018,4722
20019,4723
20020,4724
20021,-1
20022,-1
20023,4719
20024,4720
20025,4721
20026,-1
20027,-1
20028,4716
20029,4717
20030,4718
20031,-1
20032,5156
20033,-1
20034,-1
20035,5151
20036,5152
20037,5153
20038,-1
20039,-1
20040,5148
20041,5149
20042,5150
20043,-1
20044,-1
20045,5145
20046,5146
20047,5147
20048,-1
20049,-1
20050,5142
20051,5143
20052,5144
20053,-1
20054,-1
20055,5139
20056,5140
20057,5141
20058,-1
20059,-1
20060,5136
20061,5137
20062,5138
20063,-1
20064,5450
20065,-1
20066,-1
20067,5445
20068,5446
20069,5447
20070,-1
20071,-1
20072,5442
20073,5443
20074,5444
20075,-1
20076,-1
20077,5439
20078,5440
20079,5441
20080,-1
20081,-1
20082,5436
20083,5437
20084,5438
20085,-1
20086,-1
20087,5433
20088,5434
20089,5435
20090,-1
20091,-1
20092,5430
20093,5431
20094,5432
20095,-1
20096,6374
20097,-1
20098,-1
20099,6369
20100,6370
20101,6371
20102,-1
20103,-1
20104,6366
20105,6367
20106,6368
20107,-1
20108,-1
20109,6363
20110,6364
20111,6365
20112,-1
20113,-1
20114,6360
20115,6361
20116,6362
20117,-1
20118,-1
20119,6357
20120,6358
20121,6359
20122,-1
20123,-1
20124,6354
20125,6355
20126,6356
20127,-1
20128,6020
20129,-1
20130,-1
20131,6015
20132,6016
20133,6017
20134,-1
20135,-1
20136,6012
20137,6013
20138,6014
20139,-1
20140,-1
20141,6009
20142,6010
20143,6011
20144,-1
20145,-1
20146,6006
20147,6007
20148,6008
20149,-1
20150,-1
20151,6003
20152,6004
20153,6005
20154,-1
20155,-1
20156,6000
20157,6001
20158,6002
20159,-1
20160,7088
20161,-1
20162,-1
20163,7083
20164,7084
20165,7085
20166,-1
20167,-1
20168,7080
20169,7081
20170,7082
20171,-1
20172,-1
20173,7077
20174,7078
20175,7079
20176,-1
20177,-1
20178,7074
20179,7075
20180,7076
20181,-1
20182,-1
20183,7071
20184,7072
20185,7073
20186,-1
20187,-1
20188,7068
20189,7069
20190,7070
20191,-1
20192,6737
20193,-1
20194,-1
20195,6732
20196,6733
20197,6734
20198,-1
20199,-1
20200,6729
20201,6730
20202,6731
20203,-1
20204,-1
20205,6726
20206,6727
20207,6728
20208,-1
20209,-1
20210,6723
20211,6724
20212,6725
20213,-1
20214,-1
20215,6720
20216,6721
20217,6722
20218,-1
20219,-1
20220,6717
20221,6718
20222,6719
20223,-1
20224,7805
20225,-1
20226,-1
20227,7800
20228,7801
20229,7802
20230,-1
20231,-1
20232,7797
20233,7798
20234,7799
20235,-1
20236,-1
20237,7794
20238,7795
20239,7796
20240,-1
20241,-1
20242,7791
20243,7792
20244,7793
20245,-1
20246,-1
20247,7788
20248,7789
20249,7790
20250,-1
20251,-1
20252,7785
20253,7786
20254,7787
20255,-1
20256,7454
20257,-1
20258,-1
20259,7449
20260,7450
20261,7451
20262,-1
20263,-1
20264,7446
20265,7447
20266,7448
20267,-1
20268,-1
20269,7443
20270,7444
20271,7445
20272,-1
20273,-1
20274,7440
20275,7441
20276,7442
20277,-1
20278,-1
20279,7437
20280,7438
20281,7439
20282,-1
20283,-1
20284,7434
20285,7435
20286,7436
20287,-1
20288,8525
20289,-1
20290,-1
20291,8520
20292,8521
20293,8522
20294,-1
20295,-1
20296,8517
20297,8518
20298,8519
20299,-1
20300,-1
20301,8514
20302,8515
20303,8516
20304,-1
20305,-1
20306,8511
20307,8512
20308,8513
20309,-1
20310,-1
20311,8508
20312,8509
20313,8510
20314,-1
20315,-1
20316,8505
20317,8506
20318,8507
20319,-1
20320,8174
20321,-1
20322,-1
20323,8169
20324,8170
20325,8171
20326,-1
20327,-1
20328,8166
20329,8167
20330,8168
20331,-1
20332,-1
20333,8163
20334,8164
20335,8165
20336,-1
20337,-1
20338,8160
20339,8161
20340,8162
20341,-1
20342,-1
20343,8157
20344,8158
20345,8159
20346,-1
20347,-1
20348,8154
20349,8155
20350,8156
20351,-1
20352,8693
20353,-1
20354,-1
20355,8688
20356,8689
20357,8690
20358,-1
20359,-1
20360,8685
20361,8686
20362,8687
20363,-1
20364,-1
20365,8682
20366,8683
20367,8684
20368,-1
20369,-1
20370,8679
20371,8680
20372,8681
20373,-1
20374,-1
20375,8676
20376,8677
20377,8678
20378,-1
20379,-1
20380,8673
20381,8674
20382,8675
20383,-1
20384,8963
20385,-1
20386,-1
20387,8958
20388,8959
20389,8960
20390,-1
20391,-1
20392,8955
20393,8956
20394,8957
20395,-1
20396,-1
20397,8952
20398,8953
20399,8954
20400,-1
20401,-1
20402,8949
20403,8950
20404,8951
20405,-1
20406,-1
20407,8946
20408,8947
20409,8948
20410,-1
20411,-1
20412,8943
20413,8944
20414,8945
20415,-1
20416,9410
20417,-1
20418,-1
20419,9405
20420,9406
20421,9407
20422,-1
20423,-1
20424,9402
20425,9403
20426,9404
20427,-1
20428,-1
20429,9399
20430,9400
20431,9401
20432,-1
20433,-1
20434,9396
20435,9397
20436,9398
20437,-1
20438,-1
20439,9393
20440,9394
20441,9395
20442,-1
20443,-1
20444,9390
20445,9391
20446,9392
20447,-1
20448,9680
20449,-1
20450,-1
20451,9675
20452,9676
20453,9677
20454,-1
20455,-1
20456,9672
20457,9673
20458,9674
20459,-1
20460,-1
20461,9669
20462,9670
20463,9671
20464,-1
20465,-1
20466,9666
20467,9667
20468,9668
20469,-1
20470,-1
20471,9663
20472,9664
20473,9665
20474,-1
20475,-1
20476,9660
20477,9661
20478,9662
20479,-1
20480,10130
20481,-1
20482,-1
20483,10125
20484,10126
20485,10127
20486,-1
20487,-1
20488,10122
20489,10123
20490,10124
20491,-1
20492,-1
20493,10119
20494,10120
20495,10121
20496,-1
20497,-1
20498,10116
20499,10117
20500,10118
20501,-1
20502,-1
20503,10113
20504,10114
20505,10115
20506,-1
20507,-1
20508,10110
20509,10111
20510,10112
20511,-1
20512,10397
20513,-1
20514,-1
20515,10392
20516,10393
20517,10394
20518,-1
20519,-1
20520,10389
20521,10390
20522,10391
20523,-1
20524,-1
20525,10386
20526,10387
20527,10388
20528,-1
20529,-1
20530,10383
20531,10384
20532,10385
20533,-1
20534,-1
20535,10380
20536,10381
20537,10382
20538,-1
20539,-1
20540,10377
20541,10378
20542,10379
20543,-1
20544,10850
20545,-1
20546,-1
20547,10845
20548,10846
20549,10847
20550,-1
20551,-1
20552,10842
20553,10843
20554,10844
20555,-1
20556,-1
20557,10839
20558,10840
20559,10841
20560,-1
20561,-1
20562,10836
20563,10837
20564,10838
20565,-1
20566,-1
20567,10833
20568,10834
20569,10835
20570,-1
20571,-1
20572,10830
20573,10831
20574,10832
20575,-1
20576,11117
20577,-1
20578,-1
20579,11112
20580,11113
20581,11114
20582,-1
20583,-1
20584,11109
20585,11110
20586,11111
20587,-1
20588,-1
20589,11106
20590,11107
20591,11108
20592,-1
20593,-1
20594,11103
20595,11104
20596,11105
20597,-1
20598,-1
20599,11100
20600,11101
20601,11102
20602,-1
20603,-1
20604,11097
20605,11098
20606,11099
20607,-1
20608,12026
20609,-1
20610,-1
20611,12021
20612,12022
20613,12023
20614,-1
20615,-1
20616,12018
20617,12019
20618,12020
20619,-1
20620,-1
20621,12015
20622,12016
20623,12017
20624,-1
20625,-1
20626,12012
20627,12013
20628,12014
20629,-1
20630,-1
20631,12009
20632,12010
20633,12011
20634,-1
20635,-1
20636,12006
20637,12007
20638,12008
20639,-1
20640,11702
20641,-1
20642,-1
20643,11697
20644,11698
20645,11699
20646,-1
20647,-1
20648,11694
20649,11695
20650,11696
20651,-1
20652,-1
20653,11691
20654,11692
20655,11693
20656,-1
20657,-1
20658,11688
20659,11689
20660,11690
20661,-1
20662,-1
20663,11685
20664,11686
20665,11687
20666,-1
20667,-1
20668,-1
20669,-1
20670,-1
20671,-1
20672,-1
20673,-1
20674,-1
20675,-1
20676,-1
20677,-1
20678,-1
20679,-1
20680,-1
20681,-1
20682,-1
20683,-1
20684,-1
20685,-1
20686,-1
20687,-1
20688,-1
20689,-1
20690,-1
20691,-1
20692,-1
20693,-1
20694,-1
20695,-1
20696,-1
20697,-1
20698,-1
20699,-1
20700,-1
20701,-1
20702,-1
20703,-1
20704,12485
20705,-1
20706,-1
20707,12480
20708,12481
20709,12482
20710,-1
20711,-1
20712,12477
20713,12478
20714,12479
20715,-1
20716,-1
20717,12474
20718,12475
20719,12476
20720,-1
20721,-1
20722,12471
20723,12472
20724,12473
20725,-1
20726,-1
20727,12468
20728,12469
20729,12470
20730,-1
20731,-1
20732,12465
20733,12466
20734,12467
20735,-1
20736,-1
20737,159
20738,160
20739,161
20740,-1
20741,-1
20742,156
20743,157
20744,158
20745,-1
20746,-1
20747,153
20748,154
20749,155
20750,-1
20751,-1
20752,150
20753,151
20754,152
20755,-1
20756,-1
20757,147
20758,148
20759,149
20760,-1
20761,-1
20762,144
20763,145
20764,146
20765,-1
20766,-1
20767,141
20768,-1
20769,492
20770,493
20771,494
20772,-1
20773,-1
20774,489
20775,490
20776,491
20777,-1
20778,-1
20779,486
20780,487
20781,488
20782,-1
20783,-1
20784,483
20785,484
20786,485
20787,-1
20788,-1
20789,480
20790,481
20791,482
20792,-1
20793,-1
20794,477
20795,478
20796,479
20797,-1
20798,-1
20799,474
20800,-1
20801,876
20802,877
20803,878
20804,-1
20805,-1
20806,873
20807,874
20808,875
20809,-1
20810,-1
20811,870
20812,871
20813,872
20814,-1
20815,-1
20816,867
20817,868
20818,869
20819,-1
20820,-1
20821,864
20822,865
20823,866
20824,-1
20825,-1
20826,861
20827,862
20828,863
20829,-1
20830,-1
20831,858
20832,-1
20833,1206
20834,1207
20835,1208
20836,-1
20837,-1
20838,1203
20839,1204
20840,1205
20841,-1
20842,-1
20843,1200
20844,1201
20845,1202
20846,-1
20847,-1
20848,1197
20849,1198
20850,1199
20851,-1
20852,-1
20853,1194
20854,1195
20855,1196
20856,-1
20857,-1
20858,1191
20859,1192
20860,1193
20861,-1
20862,-1
20863,1188
20864,-1
20865,1596
20866,1597
20867,1598
20868,-1
20869,-1
20870,1593
20871,1594
20872,1595
20873,-1
20874,-1
20875,1590
20876,1591
20877,1592
20878,-1
20879,-1
20880,1587
20881,1588
20882,1589
20883,-1
20884,-1
20885,1584
20886,1585
20887,1586
20888,-1
20889,-1
20890,1581
20891,1582
20892,1583
20893,-1
20894,-1
20895,1578
20896,-1
20897,1917
20898,1918
20899,1919
20900,-1
20901,-1
20902,1914
20903,1915
20904,1916
20905,-1
20906,-1
20907,1911
20908,1912
20909,1913
20910,-1
20911,-1
20912,1908
20913,1909
20914,1910
20915,-1
20916,-1
20917,1905
20918,1906
20919,1907
20920,-1
20921,-1
20922,1902
20923,1903
20924,1904
20925,-1
20926,-1
20927,1899
20928,-1
20929,2316
20930,2317
20931,2318
20932,-1
20933,-1
20934,2313
20935,2314
20936,2315
20937,-1
20938,-1
20939,2310
20940,2311
20941,2312
20942,-1
20943,-1
20944,2307
20945,2308
20946,2309
20947,-1
20948,-1
20949,2304
20950,2305
20951,2306
20952,-1
20953,-1
20954,2301
20955,2302
20956,2303
20957,-1
20958,-1
20959,2298
20960,-1
20961,2637
20962,2638
20963,2639
20964,-1
20965,-1
20966,2634
20967,2635
20968,2636
20969,-1
20970,-1
20971,2631
20972,2632
20973,2633
20974,-1
20975,-1
20976,2628
20977,2629
20978,2630
20979,-1
20980,-1
20981,2625
20982,2626
20983,2627
20984,-1
20985,-1
20986,2622
20987,2623
20988,2624
20989,-1
20990,-1
20991,2619
20992,-1
20993,2970
20994,2971
20995,2972
20996,-1
20997,-1
20998,2967
20999,2968
21000,2969
21001,-1
21002,-1
21003,2964
21004,2965
21005,2966
21006,-1
21007,-1
21008,2961
21009,2962
21010,2963
21011,-1
21012,-1
21013,2958
21014,2959
21015,2960
21016,-1
21017,-1
21018,2955
21019,2956
21020,2957
21021,-1
21022,-1
21023,2952
21024,-1
21025,3279
21026,3280
21027,3281
21028,-1
21029,-1
21030,3276
21031,3277
21032,3278
21033,-1
21034,-1
21035,3273
21036,3274
21037,3275
21038,-1
21039,-1
21040,3270
21041,3271
21042,3272
21043,-1
21044,-1
21045,3267
21046,3268
21047,3269
21048,-1
21049,-1
21050,3264
21051,3265
21052,3266
21053,-1
21054,-1
21055,3261
21056,-1
21057,3693
21058,3694
21059,3695
21060,-1
21061,-1
21062,3690
21063,3691
21064,3692
21065,-1
21066,-1
21067,3687
21068,3688
21069,3689
21070,-1
21071,-1
21072,3684
21073,3685
21074,3686
21075,-1
21076,-1
21077,3681
21078,3682
21079,3683
21080,-1
21081,-1
21082,3678
21083,3679
21084,3680
21085,-1
21086,-1
21087,3675
21088,-1
21089,3996
21090,3997
21091,3998
21092,-1
21093,-1
21094,3993
21095,3994
21096,3995
21097,-1
21098,-1
21099,3990
21100,3991
21101,3992
21102,-1
21103,-1
21104,3987
21105,3988
21106,3989
21107,-1
21108,-1
21109,3984
21110,3985
21111,3986
21112,-1
21113,-1
21114,3981
21115,3982
21116,3983
21117,-1
21118,-1
21119,-1
21120,-1
21121,4413
21122,4414
21123,4415
21124,-1
21125,-1
21126,4410
21127,4411
21128,4412
21129,-1
21130,-1
21131,4407
21132,4408
21133,4409
21134,-1
21135,-1
21136,4404
21137,4405
21138,4406
21139,-1
21140,-1
21141,4401
21142,4402
21143,4403
21144,-1
21145,-1
21146,4398
21147,4399
21148,4400
21149,-1
21150,-1
21151,4395
21152,-1
21153,4713
21154,4714
21155,4715
21156,-1
21157,-1
21158,4710
21159,4711
21160,4712
21161,-1
21162,-1
21163,4707
21164,4708
21165,4709
21166,-1
21167,-1
21168,4704
21169,4705
21170,4706
21171,-1
21172,-1
21173,4701
21174,4702
21175,4703
21176,-1
21177,-1
21178,-1
21179,-1
21180,-1
21181,-1
21182,-1
21183,-1
21184,-1
21185,5133
21186,5134
21187,5135
21188,-1
21189,-1
21190,5130
21191,5131
21192,5132
21193,-1
21194,-1
21195,5127
21196,5128
21197,5129
21198,-1
21199,-1
21200,5124
21201,5125
21202,5126
21203,-1
21204,-1
21205,5121
21206,5122
21207,5123
21208,-1
21209,-1
21210,5118
21211,5119
21212,5120
21213,-1
21214,-1
21215,5115
21216,-1
21217,5427
21218,5428
21219,5429
21220,-1
21221,-1
21222,5424
21223,5425
21224,5426
21225,-1
21226,-1
21227,5421
21228,5422
21229,5423
21230,-1
21231,-1
21232,5418
21233,5419
21234,5420
21235,-1
21236,-1
21237,5415
21238,5416
21239,5417
21240,-1
21241,-1
21242,-1
21243,-1
21244,-1
21245,-1
21246,-1
21247,-1
21248,-1
21249,6351
21250,6352
21251,6353
21252,-1
21253,-1
21254,6348
21255,6349
21256,6350
21257,-1
21258,-1
21259,6345
21260,6346
21261,6347
21262,-1
21263,-1
21264,6342
21265,6343
21266,6344
21267,-1
21268,-1
21269,6339
21270,6340
21271,6341
21272,-1
21273,-1
21274,6336
21275,6337
21276,6338
21277,-1
21278,-1
21279,6333
21280,-1
21281,5997
21282,5998
21283,5999
21284,-1
21285,-1
21286,5994
21287,5995
21288,5996
21289,-1
21290,-1
21291,5991
21292,5992
21293,5993
21294,-1
21295,-1
21296,-1
21297,-1
21298,-1
21299,-1
21300,-1
21301,-1
21302,-1
21303,-1
21304,-1
21305,-1
21306,-1
21307,-1
21308,-1
21309,-1
21310,-1
21311,-1
21312,-1
21313,7065
21314,7066
21315,7067
21316,-1
21317,-1
21318,7062
21319,7063
21320,7064
21321,-1
21322,-1
21323,7059
21324,7060
21325,7061
21326,-1
21327,-1
21328,7056
21329,7057
21330,7058
21331,-1
21332,-1
21333,7053
21334,7054
21335,7055
21336,-1
21337,-1
21338,7050
21339,7051
21340,7052
21341,-1
21342,-1
21343,7047
21344,-1
21345,6714
21346,6715
21347,6716
21348,-1
21349,-1
21350,6711
21351,6712
21352,6713
21353,-1
21354,-1
21355,6708
21356,6709
21357,6710
21358,-1
21359,-1
21360,-1
21361,-1
21362,-1
21363,-1
21364,-1
21365,-1
21366,-1
21367,-1
21368,-1
21369,-1
21370,-1
21371,-1
21372,-1
21373,-1
21374,-1
21375,-1
21376,-1
21377,7782
21378,7783
21379,7784
21380,-1
21381,-1
21382,7779
21383,7780
21384,7781
21385,-1
21386,-1
21387,7776
21388,7777
21389,7778
21390,-1
21391,-1
21392,7773
21393,7774
21394,7775
21395,-1
21396,-1
21397,7770
21398,7771
21399,7772
21400,-1
21401,-1
21402,7767
21403,7768
21404,7769
21405,-1
21406,-1
21407,7764
21408,-1
21409,7431
21410,7432
21411,7433
21412,-1
21413,-1
21414,-1
21415,-1
21416,-1
21417,-1
21418,-1
21419,-1
21420,-1
21421,-1
21422,-1
21423,-1
21424,-1
21425,-1
21426,-1
21427,-1
21428,-1
21429,-1
21430,-1
21431,-1
21432,-1
21433,-1
21434,-1
21435,-1
21436,-1
21437,-1
21438,-1
21439,-1
21440,-1
21441,8502
21442,8503
21443,8504
21444,-1
21445,-1
21446,8499
21447,8500
21448,8501
21449,-1
21450,-1
21451,8496
21452,8497
21453,8498
21454,-1
21455,-1
21456,8493
21457,8494
21458,8495
21459,-1
21460,-1
21461,8490
21462,8491
21463,8492
21464,-1
21465,-1
21466,8487
21467,8488
21468,8489
21469,-1
21470,-1
21471,8484
21472,-1
21473,8151
21474,8152
21475,8153
21476,-1
21477,-1
21478,-1
21479,-1
21480,-1
21481,-1
21482,-1
21483,-1
21484,-1
21485,-1
21486,-1
21487,-1
21488,-1
21489,-1
21490,-1
21491,-1
21492,-1
21493,-1
21494,-1
21495,-1
21496,-1
21497,-1
21498,-1
21499,-1
21500,-1
21501,-1
21502,-1
21503,-1
21504,-1
21505,8670
21506,8671
21507,8672
21508,-1
21509,-1
21510,8667
21511,8668
21512,8669
21513,-1
21514,-1
21515,8664
21516,8665
21517,8666
21518,-1
21519,-1
21520,8661
21521,8662
21522,8663
21523,-1
21524,-1
21525,8658
21526,8659
21527,8660
21528,-1
21529,-1
21530,8655
21531,8656
21532,8657
21533,-1
21534,-1
21535,8652
21536,-1
21537,8940
21538,8941
21539,8942
21540,-1
21541,-1
21542,8937
21543,8938
21544,8939
21545,-1
21546,-1
21547,-1
21548,-1
21549,-1
21550,-1
21551,-1
21552,-1
21553,-1
21554,-1
21555,-1
21556,-1
21557,-1
21558,-1
21559,-1
21560,-1
21561,-1
21562,-1
21563,-1
21564,-1
21565,-1
21566,-1
21567,-1
21568,-1
21569,9387
21570,9388
21571,9389
21572,-1
21573,-1
21574,9384
21575,9385
21576,9386
21577,-1
21578,-1
21579,9381
21580,9382
21581,9383
21582,-1
21583,-1
21584,9378
21585,9379
21586,9380
21587,-1
21588,-1
21589,9375
21590,9376
21591,9377
21592,-1
21593,-1
21594,9372
21595,9373
21596,9374
21597,-1
21598,-1
21599,9369
21600,-1
21601,9657
21602,9658
21603,9659
21604,-1
21605,-1
21606,-1
21607,-1
21608,-1
21609,-1
21610,-1
21611,-1
21612,-1
21613,-1
21614,-1
21615,-1
21616,-1
21617,-1
21618,-1
21619,-1
21620,-1
21621,-1
21622,-1
21623,-1
21624,-1
21625,-1
21626,-1
21627,-1
21628,-1
21629,-1
21630,-1
21631,-1
21632,-1
21633,10107
21634,10108
21635,10109
21636,-1
21637,-1
21638,10104
21639,10105
21640,10106
21641,-1
21642,-1
21643,10101
21644,10102
21645,10103
21646,-1
21647,-1
21648,10098
21649,10099
21650,10100
21651,-1
21652,-1
21653,10095
21654,10096
21655,10097
21656,-1
21657,-1
21658,10092
21659,10093
21660,10094
21661,-1
21662,-1
21663,10089
21664,-1
21665,-1
21666,-1
21667,-1
21668,-1
21669,-1
21670,-1
21671,-1
21672,-1
21673,-1
21674,-1
21675,-1
21676,-1
21677,-1
21678,-1
21679,-1
21680,-1
21681,-1
21682,-1
21683,-1
21684,-1
21685,-1
21686,-1
21687,-1
21688,-1
21689,-1
21690,-1
21691,-1
21692,-1
21693,-1
21694,-1
21695,-1
21696,-1
21697,10827
21698,10828
21699,10829
21700,-1
21701,-1
21702,10824
21703,10825
21704,10826
21705,-1
21706,-1
21707,10821
21708,10822
21709,10823
21710,-1
21711,-1
21712,10818
21713,10819
21714,10820
21715,-1
21716,-1
21717,10815
21718,10816
21719,10817
21720,-1
21721,-1
21722,10812
21723,10813
21724,10814
21725,-1
21726,-1
21727,10809
21728,-1
21729,-1
21730,-1
21731,-1
21732,-1
21733,-1
21734,-1
21735,-1
21736,-1
21737,-1
21738,-1
21739,-1
21740,-1
21741,-1
21742,-1
21743,-1
21744,-1
21745,-1
21746,-1
21747,-1
21748,-1
21749,-1
21750,-1
21751,-1
21752,-1
21753,-1
21754,-1
21755,-1
21756,-1
21757,-1
21758,-1
21759,-1
21760,-1
21761,12003
21762,12004
21763,12005
21764,-1
21765,-1
21766,12000
21767,12001
21768,12002
21769,-1
21770,-1
21771,11997
21772,11998
21773,11999
21774,-1
21775,-1
21776,11994
21777,11995
21778,11996
21779,-1
21780,-1
21781,11991
21782,11992
21783,11993
21784,-1
21785,-1
21786,11988
21787,11989
21788,11990
21789,-1
21790,-1
21791,-1
21792,-1
21793,-1
21794,-1
21795,-1
21796,-1
21797,-1
21798,-1
21799,-1
21800,-1
21801,-1
21802,-1
21803,-1
21804,-1
21805,-1
21806,-1
21807,-1
21808,-1
21809,-1
21810,-1
21811,-1
21812,-1
21813,-1
21814,-1
21815,-1
21816,-1
21817,-1
21818,-1
21819,-1
21820,-1
21821,-1
21822,-1
21823,-1
21824,-1
21825,-1
21826,-1
21827,-1
21828,-1
21829,-1
21830,-1
21831,-1
21832,-1
21833,-1
21834,-1
21835,-1
21836,-1
21837,-1
21838,-1
21839,-1
21840,-1
21841,-1
21842,-1
21843,-1
21844,-1
21845,-1
21846,-1
21847,-1
21848,-1
21849,-1
21850,-1
21851,-1
21852,-1
21853,-1
21854,-1
21855,-1
21856,-1
21857,12462
21858,12463
21859,12464
21860,-1
21861,-1
21862,12459
21863,12460
21864,12461
21865,-1
21866,-1
21867,12456
21868,12457
21869,12458
21870,-1
21871,-1
21872,12453
21873,12454
21874,12455
21875,-1
21876,-1
21877,12450
21878,12451
21879,12452
21880,-1
21881,-1
21882,12447
21883,12448
21884,12449
21885,-1
21886,-1
21887,12444
21888,142
21889,143
21890,-1
21891,-1
21892,138
21893,139
21894,140
21895,-1
21896,-1
21897,135
21898,136
21899,137
21900,-1
21901,-1
21902,-1
21903,-1
21904,-1
21905,-1
21906,-1
21907,-1
21908,-1
21909,-1
21910,-1
21911,-1
21912,-1
21913,-1
21914,-1
21915,-1
21916,-1
21917,-1
21918,-1
21919,-1
21920,475
21921,476
21922,-1
21923,-1
21924,471
21925,472
21926,473
21927,-1
21928,-1
21929,468
21930,469
21931,470
21932,-1
21933,-1
21934,-1
21935,-1
21936,-1
21937,-1
21938,-1
21939,-1
21940,-1
21941,-1
21942,-1
21943,-1
21944,-1
21945,-1
21946,-1
21947,-1
21948,-1
21949,-1
21950,-1
21951,-1
21952,859
21953,860
21954,-1
21955,-1
21956,855
21957,856
21958,857
21959,-1
21960,-1
21961,852
21962,853
21963,854
21964,-1
21965,-1
21966,-1
21967,-1
21968,-1
21969,-1
21970,-1
21971,-1
21972,-1
21973,-1
21974,-1
21975,-1
21976,-1
21977,-1
21978,-1
21979,-1
21980,-1
21981,-1
21982,-1
21983,-1
21984,1189
21985,1190
21986,-1
21987,-1
21988,1185
21989,1186
21990,1187
21991,-1
21992,-1
21993,1182
21994,1183
21995,1184
21996,-1
21997,-1
21998,-1
21999,-1
22000,-1
22001,-1
22002,-1
22003,-1
22004,-1
22005,-1
22006,-1
22007,-1
22008,-1
22009,-1
22010,-1
22011,-1
22012,-1
22013,-1
22014,-1
22015,-1
22016,1579
22017,1580
22018,-1
22019,-1
22020,1575
22021,1576
22022,1577
22023,-1
22024,-1
22025,1572
22026,1573
22027,1574
22028,-1
22029,-1
22030,1569
22031,1570
22032,1571
22033,-1
22034,-1
22035,-1
22036,-1
22037,-1
22038,-1
22039,-1
22040,-1
22041,-1
22042,-1
22043,-1
22044,-1
22045,-1
22046,-1
22047,-1
22048,1900
22049,1901
22050,-1
22051,-1
22052,1896
22053,1897
22054,1898
22055,-1
22056,-1
22057,-1
22058,-1
22059,-1
22060,-1
22061,-1
22062,-1
22063,-1
22064,-1
22065,-1
22066,-1
22067,-1
22068,-1
22069,-1
22070,-1
22071,-1
22072,-1
22073,-1
22074,-1
22075,-1
22076,-1
22077,-1
22078,-1
22079,-1
22080,2299
22081,2300
22082,-1
22083,-1
22084,2295
22085,2296
22086,2297
22087,-1
22088,-1
22089,2292
22090,2293
22091,2294
22092,-1
22093,-1
22094,2289
22095,2290
22096,2291
22097,-1
22098,-1
22099,-1
22100,-1
22101,-1
22102,-1
22103,-1
22104,-1
22105,-1
22106,-1
22107,-1
22108,-1
22109,-1
22110,-1
22111,-1
22112,2620
22113,2621
22114,-1
22115,-1
22116,2616
22117,2617
22118,2618
22119,-1
22120,-1
22121,-1
22122,-1
22123,-1
22124,-1
22125,-1
22126,-1
22127,-1
22128,-1
22129,-1
22130,-1
22131,-1
22132,-1
22133,-1
22134,-1
22135,-1
22136,-1
22137,-1
22138,-1
22139,-1
22140,-1
22141,-1
22142,-1
22143,-1
22144,2953
22145,2954
22146,-1
22147,-1
22148,2949
22149,2950
22150,2951
22151,-1
22152,-1
22153,2946
22154,2947
22155,2948
22156,-1
22157,-1
22158,2943
22159,2944
22160,2945
22161,-1
22162,-1
22163,2940
22164,2941
22165,2942
22166,-1
22167,-1
22168,2937
22169,2938
22170,2939
22171,-1
22172,-1
22173,2934
22174,2935
22175,2936
22176,3262
22177,3263
22178,-1
22179,-1
22180,-1
22181,-1
22182,-1
22183,-1
22184,-1
22185,-1
22186,-1
22187,-1
22188,-1
22189,-1
22190,-1
22191,-1
22192,-1
22193,-1
22194,-1
22195,-1
22196,-1
22197,-1
22198,-1
22199,-1
22200,-1
22201,-1
22202,-1
22203,-1
22204,-1
22205,-1
22206,-1
22207,-1
22208,3676
22209,3677
22210,-1
22211,-1
22212,3672
22213,3673
22214,3674
22215,-1
22216,-1
22217,3669
22218,3670
22219,3671
22220,-1
22221,-1
22222,3666
22223,3667
22224,3668
22225,-1
22226,-1
22227,3663
22228,3664
22229,3665
22230,-1
22231,-1
22232,3660
22233,3661
22234,3662
22235,-1
22236,-1
22237,3657
22238,3658
22239,3659
22240,-1
22241,-1
22242,-1
22243,-1
22244,-1
22245,-1
22246,-1
22247,-1
22248,-1
22249,-1
22250,-1
22251,-1
22252,-1
22253,-1
22254,-1
22255,-1
22256,-1
22257,-1
22258,-1
22259,-1
22260,-1
22261,-1
22262,-1
22263,-1
22264,-1
22265,-1
22266,-1
22267,-1
22268,-1
22269,-1
22270,-1
22271,-1
22272,4396
22273,4397
22274,-1
22275,-1
22276,4392
22277,4393
22278,4394
22279,-1
22280,-1
22281,4389
22282,4390
22283,4391
22284,-1
22285,-1
22286,4386
22287,4387
22288,4388
22289,-1
22290,-1
22291,4383
22292,4384
22293,4385
22294,-1
22295,-1
22296,4380
22297,4381
22298,4382
22299,-1
22300,-1
22301,4377
22302,4378
22303,4379
22304,-1
22305,-1
22306,-1
22307,-1
22308,-1
22309,-1
22310,-1
22311,-1
22312,-1
22313,-1
22314,-1
22315,-1
22316,-1
22317,-1
22318,-1
22319,-1
22320,-1
22321,-1
22322,-1
22323,-1
22324,-1
22325,-1
22326,-1
22327,-1
22328,-1
22329,-1
22330,-1
22331,-1
22332,-1
22333,-1
22334,-1
22335,-1
22336,5116
22337,5117
22338,-1
22339,-1
22340,5112
22341,5113
22342,5114
22343,-1
22344,-1
22345,5109
22346,5110
22347,5111
22348,-1
22349,-1
22350,5106
22351,5107
22352,5108
22353,-1
22354,-1
22355,5103
22356,5104
22357,5105
22358,-1
22359,-1
22360,5100
22361,5101
22362,5102
22363,-1
22364,-1
22365,5097
22366,5098
22367,5099
22368,-1
22369,-1
22370,-1
22371,-1
22372,-1
22373,-1
22374,-1
22375,-1
22376,-1
22377,-1
22378,-1
22379,-1
22380,-1
22381,-1
22382,-1
22383,-1
22384,-1
22385,-1
22386,-1
22387,-1
22388,-1
22389,-1
22390,-1
22391,-1
22392,-1
22393,-1
22394,-1
22395,-1
22396,-1
22397,-1
22398,-1
22399,-1
22400,6334
22401,6335
22402,-1
22403,-1
22404,6330
22405,6331
22406,6332
22407,-1
22408,-1
22409,6327
22410,6328
22411,6329
22412,-1
22413,-1
22414,6324
22415,6325
22416,6326
22417,-1
22418,-1
22419,6321
22420,6322
22421,6323
22422,-1
22423,-1
22424,-1
22425,-1
22426,-1
22427,-1
22428,-1
22429,-1
22430,-1
22431,-1
22432,-1
22433,-1
22434,-1
22435,-1
22436,-1
22437,-1
22438,-1
22439,-1
22440,-1
22441,-1
22442,-1
22443,-1
22444,-1
22445,-1
22446,-1
22447,-1
22448,-1
22449,-1
22450,-1
22451,-1
22452,-1
22453,-1
22454,-1
22455,-1
22456,-1
22457,-1
22458,-1
22459,-1
22460,-1
22461,-1
22462,-1
22463,-1
22464,7048
22465,7049
22466,-1
22467,-1
22468,7044
22469,7045
22470,7046
22471,-1
22472,-1
22473,7041
22474,7042
22475,7043
22476,-1
22477,-1
22478,7038
22479,7039
22480,7040
22481,-1
22482,-1
22483,-1
22484,-1
22485,-1
22486,-1
22487,-1
22488,-1
22489,-1
22490,-1
22491,-1
22492,-1
22493,-1
22494,-1
22495,-1
22496,-1
22497,-1
22498,-1
22499,-1
22500,-1
22501,-1
22502,-1
22503,-1
22504,-1
22505,-1
22506,-1
22507,-1
22508,-1
22509,-1
22510,-1
22511,-1
22512,-1
22513,-1
22514,-1
22515,-1
22516,-1
22517,-1
22518,-1
22519,-1
22520,-1
22521,-1
22522,-1
22523,-1
22524,-1
22525,-1
22526,-1
22527,-1
22528,7765
22529,7766
22530,-1
22531,-1
22532,7761
22533,7762
22534,7763
22535,-1
22536,-1
22537,7758
22538,7759
22539,7760
22540,-1
22541,-1
22542,7755
22543,7756
22544,7757
22545,-1
22546,-1
22547,-1
22548,-1
22549,-1
22550,-1
22551,-1
22552,-1
22553,-1
22554,-1
22555,-1
22556,-1
22557,-1
22558,-1
22559,-1
22560,-1
22561,-1
22562,-1
22563,-1
22564,-1
22565,-1
22566,-1
22567,-1
22568,-1
22569,-1
22570,-1
22571,-1
22572,-1
22573,-1
22574,-1
22575,-1
22576,-1
22577,-1
22578,-1
22579,-1
22580,-1
22581,-1
22582,-1
22583,-1
22584,-1
22585,-1
22586,-1
22587,-1
22588,-1
22589,-1
22590,-1
22591,-1
22592,8485
22593,8486
22594,-1
22595,-1
22596,8481
22597,8482
22598,8483
22599,-1
22600,-1
22601,8478
22602,8479
22603,8480
22604,-1
22605,-1
22606,8475
22607,8476
22608,8477
22609,-1
22610,-1
22611,-1
22612,-1
22613,-1
22614,-1
22615,-1
22616,-1
22617,-1
22618,-1
22619,-1
22620,-1
22621,-1
22622,-1
22623,-1
22624,-1
22625,-1
22626,-1
22627,-1
22628,-1
22629,-1
22630,-1
22631,-1
22632,-1
22633,-1
22634,-1
22635,-1
22636,-1
22637,-1
22638,-1
22639,-1
22640,-1
22641,-1
22642,-1
22643,-1
22644,-1
22645,-1
22646,-1
22647,-1
22648,-1
22649,-1
22650,-1
22651,-1
22652,-1
22653,-1
22654,-1
22655,-1
22656,8653
22657,8654
22658,-1
22659,-1
22660,8649
22661,8650
22662,8651
22663,-1
22664,-1
22665,8646
22666,8647
22667,8648
22668,-1
22669,-1
22670,8643
22671,8644
22672,8645
22673,-1
22674,-1
22675,8640
22676,8641
22677,8642
22678,-1
22679,-1
22680,9273
22681,9274
22682,9275
22683,-1
22684,-1
22685,9270
22686,9271
22687,9272
22688,-1
22689,-1
22690,-1
22691,-1
22692,-1
22693,-1
22694,-1
22695,-1
22696,-1
22697,-1
22698,-1
22699,-1
22700,-1
22701,-1
22702,-1
22703,-1
22704,-1
22705,-1
22706,-1
22707,-1
22708,-1
22709,-1
22710,-1
22711,-1
22712,-1
22713,-1
22714,-1
22715,-1
22716,-1
22717,-1
22718,-1
22719,-1
22720,9370
22721,9371
22722,-1
22723,-1
22724,9366
22725,9367
22726,9368
22727,-1
22728,-1
22729,9363
22730,9364
22731,9365
22732,-1
22733,-1
22734,9360
22735,9361
22736,9362
22737,-1
22738,-1
22739,9990
22740,9991
22741,9992
22742,-1
22743,-1
22744,9987
22745,9988
22746,9989
22747,-1
22748,-1
22749,9984
22750,9985
22751,9986
22752,-1
22753,-1
22754,-1
22755,-1
22756,-1
22757,-1
22758,-1
22759,-1
22760,-1
22761,-1
22762,-1
22763,-1
22764,-1
22765,-1
22766,-1
22767,-1
22768,-1
22769,-1
22770,-1
22771,-1
22772,-1
22773,-1
22774,-1
22775,-1
22776,-1
22777,-1
22778,-1
22779,-1
22780,-1
22781,-1
22782,-1
22783,-1
22784,10090
22785,10091
22786,-1
22787,-1
22788,10086
22789,10087
22790,10088
22791,-1
22792,-1
22793,10083
22794,10084
22795,10085
22796,-1
22797,-1
22798,10080
22799,10081
22800,10082
22801,-1
22802,-1
22803,10707
22804,10708
22805,10709
22806,-1
22807,-1
22808,10704
22809,10705
22810,10706
22811,-1
22812,-1
22813,10701
22814,10702
22815,10703
22816,-1
22817,-1
22818,-1
22819,-1
22820,-1
22821,-1
22822,-1
22823,-1
22824,-1
22825,-1
22826,-1
22827,-1
22828,-1
22829,-1
22830,-1
22831,-1
22832,-1
22833,-1
22834,-1
22835,-1
22836,-1
22837,-1
22838,-1
22839,-1
22840,-1
22841,-1
22842,-1
22843,-1
22844,-1
22845,-1
22846,-1
22847,-1
22848,10810
22849,10811
22850,-1
22851,-1
22852,10806
22853,10807
22854,10808
22855,-1
22856,-1
22857,10803
22858,10804
22859,10805
22860,-1
22861,-1
22862,10800
22863,10801
22864,10802
22865,-1
22866,-1
22867,11424
22868,11425
22869,11426
22870,-1
22871,-1
22872,11421
22873,11422
22874,11423
22875,-1
22876,-1
22877,11418
22878,11419
22879,11420
22880,-1
22881,-1
22882,-1
22883,-1
22884,-1
22885,-1
22886,-1
22887,-1
22888,-1
22889,-1
22890,-1
22891,-1
22892,-1
22893,-1
22894,-1
22895,-1
22896,-1
22897,-1
22898,-1
22899,-1
22900,-1
22901,-1
22902,-1
22903,-1
22904,-1
22905,-1
22906,-1
22907,-1
22908,-1
22909,-1
22910,-1
22911,-1
22912,-1
22913,-1
22914,-1
22915,-1
22916,-1
22917,-1
22918,-1
22919,-1
22920,-1
22921,-1
22922,-1
22923,-1
22924,-1
22925,-1
22926,-1
22927,-1
22928,-1
22929,-1
22930,-1
22931,-1
22932,-1
22933,-1
22934,-1
22935,-1
22936,-1
22937,-1
22938,-1
22939,-1
22940,-1
22941,-1
22942,-1
22943,-1
22944,-1
22945,-1
22946,-1
22947,-1
22948,-1
22949,-1
22950,-1
22951,-1
22952,-1
22953,-1
22954,-1
22955,-1
22956,-1
22957,-1
22958,-1
22959,-1
22960,-1
22961,-1
22962,-1
22963,-1
22964,-1
22965,-1
22966,-1
22967,-1
22968,-1
22969,-1
22970,-1
22971,-1
22972,-1
22973,-1
22974,-1
22975,-1
22976,-1
22977,-1
22978,-1
22979,-1
22980,-1
22981,-1
22982,-1
22983,-1
22984,-1
22985,-1
22986,-1
22987,-1
22988,-1
22989,-1
22990,-1
22991,-1
22992,-1
22993,-1
22994,-1
22995,-1
22996,-1
22997,-1
22998,-1
22999,-1
23000,-1
23001,-1
23002,-1
23003,-1
23004,-1
23005,-1
23006,-1
23007,-1
23008,12445
23009,12446
23010,-1
23011,-1
23012,12441
23013,12442
23014,12443
23015,-1
23016,-1
23017,12438
23018,12439
23019,12440
23020,-1
23021,-1
23022,12435
23023,12436
23024,12437
23025,-1
23026,-1
23027,-1
23028,-1
23029,-1
23030,-1
23031,-1
23032,-1
23033,-1
23034,-1
23035,-1
23036,-1
23037,-1
23038,-1
23039,-1
23040,-1
23041,-1
23042,-1
23043,-1
23044,-1
23045,-1
23046,-1
23047,-1
23048,-1
23049,-1
23050,-1
23051,-1
23052,-1
23053,-1
23054,-1
23055,-1
23056,-1
23057,-1
23058,-1
23059,-1
23060,-1
23061,-1
23062,-1
23063,-1
23064,-1
23065,-1
23066,-1
23067,-1
23068,-1
23069,-1
23070,-1
23071,-1
23072,-1
23073,-1
23074,-1
23075,-1
23076,-1
23077,-1
23078,-1
23079,-1
23080,-1
23081,-1
23082,-1
23083,-1
23084,-1
23085,-1
23086,-1
23087,-1
23088,-1
23089,-1
23090,-1
23091,-1
23092,-1
23093,-1
23094,-1
23095,-1
23096,-1
23097,-1
23098,-1
23099,-1
23100,-1
23101,-1
23102,-1
23103,-1
23104,-1
23105,-1
23106,-1
23107,-1
23108,-1
23109,-1
23110,-1
23111,-1
23112,-1
23113,-1
23114,-1
23115,-1
23116,-1
23117,-1
23118,-1
23119,-1
23120,-1
23121,-1
23122,-1
23123,-1
23124,-1
23125,-1
23126,-1
23127,-1
23128,-1
23129,-1
23130,-1
23131,-1
23132,-1
23133,-1
23134,-1
23135,-1
23136,-1
23137,-1
23138,-1
23139,-1
23140,-1
23141,-1
23142,-1
23143,-1
23144,-1
23145,-1
23146,-1
23147,-1
23148,-1
23149,-1
23150,-1
23151,-1
23152,-1
23153,-1
23154,-1
23155,-1
23156,-1
23157,-1
23158,-1
23159,-1
23160,-1
23161,-1
23162,-1
23163,-1
23164,-1
23165,-1
23166,-1
23167,-1
23168,-1
23169,-1
23170,-1
23171,-1
23172,-1
23173,-1
23174,-1
23175,-1
23176,-1
23177,-1
23178,-1
23179,-1
23180,-1
23181,-1
23182,-1
23183,-1
23184,-1
23185,-1
23186,-1
23187,-1
23188,-1
23189,-1
23190,-1
23191,-1
23192,-1
23193,-1
23194,-1
23195,-1
23196,-1
23197,-1
23198,-1
23199,-1
23200,-1
23201,-1
23202,-1
23203,-1
23204,-1
23205,-1
23206,-1
23207,-1
23208,-1
23209,-1
23210,-1
23211,-1
23212,-1
23213,-1
23214,-1
23215,-1
23216,-1
23217,-1
23218,-1
23219,-1
23220,-1
23221,-1
23222,-1
23223,-1
23224,-1
23225,-1
23226,-1
23227,-1
23228,-1
23229,-1
23230,-1
23231,-1
23232,-1
23233,-1
23234,-1
23235,-1
23236,-1
23237,-1
23238,-1
23239,-1
23240,-1
23241,-1
23242,-1
23243,-1
23244,-1
23245,-1
23246,-1
23247,-1
23248,-1
23249,-1
23250,-1
23251,-1
23252,-1
23253,-1
23254,-1
23255,-1
23256,-1
23257,-1
23258,-1
23259,-1
23260,-1
23261,-1
23262,-1
23263,-1
23264,-1
23265,-1
23266,-1
23267,-1
23268,-1
23269,-1
23270,-1
23271,-1
23272,-1
23273,-1
23274,-1
23275,-1
23276,-1
23277,-1
23278,-1
23279,-1
23280,-1
23281,-1
23282,-1
23283,-1
23284,-1
23285,-1
23286,-1
23287,-1
23288,-1
23289,-1
23290,-1
23291,-1
23292,-1
23293,-1
23294,-1
23295,-1
23296,-1
23297,-1
23298,2931
23299,2932
23300,2933
23301,-1
23302,-1
23303,2928
23304,2929
23305,2930
23306,-1
23307,-1
23308,2925
23309,2926
23310,2927
23311,-1
23312,-1
23313,2922
23314,2923
23315,2924
23316,-1
23317,-1
23318,2919
23319,2920
23320,2921
23321,-1
23322,-1
23323,-1
23324,-1
23325,-1
23326,-1
23327,-1
23328,-1
23329,-1
23330,-1
23331,-1
23332,-1
23333,-1
23334,-1
23335,-1
23336,-1
23337,-1
23338,-1
23339,-1
23340,-1
23341,-1
23342,-1
23343,-1
23344,-1
23345,-1
23346,-1
23347,-1
23348,-1
23349,-1
23350,-1
23351,-1
23352,-1
23353,-1
23354,-1
23355,-1
23356,-1
23357,-1
23358,-1
23359,-1
23360,-1
23361,-1
23362,3654
23363,3655
23364,3656
23365,-1
23366,-1
23367,3651
23368,3652
23369,3653
23370,-1
23371,-1
23372,3648
23373,3649
23374,3650
23375,-1
23376,-1
23377,3645
23378,3646
23379,3647
23380,-1
23381,-1
23382,3642
23383,3643
23384,3644
23385,-1
23386,-1
23387,3639
23388,3640
23389,3641
23390,-1
23391,-1
23392,-1
23393,-1
23394,-1
23395,-1
23396,-1
23397,-1
23398,-1
23399,-1
23400,-1
23401,-1
23402,-1
23403,-1
23404,-1
23405,-1
23406,-1
23407,-1
23408,-1
23409,-1
23410,-1
23411,-1
23412,-1
23413,-1
23414,-1
23415,-1
23416,-1
23417,-1
23418,-1
23419,-1
23420,-1
23421,-1
23422,-1
23423,-1
23424,-1
23425,-1
23426,4374
23427,4375
23428,4376
23429,-1
23430,-1
23431,4371
23432,4372
23433,4373
23434,-1
23435,-1
23436,4368
23437,4369
23438,4370
23439,-1
23440,-1
23441,4365
23442,4366
23443,4367
23444,-1
23445,-1
23446,4362
23447,4363
23448,4364
23449,-1
23450,-1
23451,4359
23452,4360
23453,4361
23454,-1
23455,-1
23456,-1
23457,-1
23458,-1
23459,-1
23460,-1
23461,-1
23462,-1
23463,-1
23464,-1
23465,-1
23466,-1
23467,-1
23468,-1
23469,-1
23470,-1
23471,-1
23472,-1
23473,-1
23474,-1
23475,-1
23476,-1
23477,-1
23478,-1
23479,-1
23480,-1
23481,-1
23482,-1
23483,-1
23484,-1
23485,-1
23486,-1
23487,-1
23488,-1
23489,-1
23490,5094
23491,5095
23492,5096
23493,-1
23494,-1
23495,5091
23496,5092
23497,5093
23498,-1
23499,-1
23500,5088
23501,5089
23502,5090
23503,-1
23504,-1
23505,5085
23506,5086
23507,5087
23508,-1
23509,-1
23510,5082
23511,5083
23512,5084
23513,-1
23514,-1
23515,5079
23516,5080
23517,5081
23518,-1
23519,-1
23520,-1
23521,-1
23522,-1
23523,-1
23524,-1
23525,-1
23526,-1
23527,-1
23528,-1
23529,-1
23530,-1
23531,-1
23532,-1
23533,-1
23534,-1
23535,-1
23536,-1
23537,-1
23538,-1
23539,-1
23540,-1
23541,-1
23542,-1
23543,-1
23544,-1
23545,-1
23546,-1
23547,-1
23548,-1
23549,-1
23550,-1
23551,-1
23552,-1
23553,-1
23554,-1
23555,-1
23556,-1
23557,-1
23558,-1
23559,-1
23560,-1
23561,-1
23562,-1
23563,-1
23564,-1
23565,-1
23566,-1
23567,-1
23568,-1
23569,-1
23570,-1
23571,-1
23572,-1
23573,-1
23574,-1
23575,-1
23576,-1
23577,-1
23578,-1
23579,-1
23580,-1
23581,-1
23582,-1
23583,-1
23584,-1
23585,-1
23586,-1
23587,-1
23588,-1
23589,-1
23590,-1
23591,-1
23592,-1
23593,-1
23594,-1
23595,-1
23596,-1
23597,-1
23598,-1
23599,-1
23600,-1
23601,-1
23602,-1
23603,-1
23604,-1
23605,-1
23606,-1
23607,-1
23608,-1
23609,-1
23610,-1
23611,-1
23612,-1
23613,-1
23614,-1
23615,-1
23616,-1
23617,-1
23618,-1
23619,-1
23620,-1
23621,-1
23622,-1
23623,-1
23624,-1
23625,-1
23626,-1
23627,-1
23628,-1
23629,-1
23630,-1
23631,-1
23632,-1
23633,-1
23634,-1
23635,-1
23636,-1
23637,-1
23638,-1
23639,-1
23640,-1
23641,-1
23642,-1
23643,-1
23644,-1
23645,-1
23646,-1
23647,-1
23648,-1
23649,-1
23650,-1
23651,-1
23652,-1
23653,-1
23654,-1
23655,-1
23656,-1
23657,-1
23658,-1
23659,-1
23660,-1
23661,-1
23662,-1
23663,-1
23664,-1
23665,-1
23666,-1
23667,-1
23668,-1
23669,-1
23670,-1
23671,-1
23672,-1
23673,-1
23674,-1
23675,-1
23676,-1
23677,-1
23678,-1
23679,-1
23680,-1
23681,-1
23682,-1
23683,-1
23684,-1
23685,-1
23686,-1
23687,-1
23688,-1
23689,-1
23690,-1
23691,-1
23692,-1
23693,-1
23694,-1
23695,-1
23696,-1
23697,-1
23698,-1
23699,-1
23700,-1
23701,-1
23702,-1
23703,-1
23704,-1
23705,-1
23706,-1
23707,-1
23708,-1
23709,-1
23710,-1
23711,-1
23712,-1
23713,-1
23714,-1
23715,-1
23716,-1
23717,-1
23718,-1
23719,-1
23720,-1
23721,-1
23722,-1
23723,-1
23724,-1
23725,-1
23726,-1
23727,-1
23728,-1
23729,-1
23730,-1
23731,-1
23732,-1
23733,-1
23734,-1
23735,-1
23736,-1
23737,-1
23738,-1
23739,-1
23740,-1
23741,-1
23742,-1
23743,-1
23744,-1
23745,-1
23746,-1
23747,-1
23748,-1
23749,-1
23750,-1
23751,-1
23752,-1
23753,-1
23754,-1
23755,-1
23756,-1
23757,-1
23758,-1
23759,-1
23760,-1
23761,-1
23762,-1
23763,-1
23764,-1
23765,-1
23766,-1
23767,-1
23768,-1
23769,-1
23770,-1
23771,-1
23772,-1
23773,-1
23774,-1
23775,-1
23776,-1
23777,-1
23778,-1
23779,-1
23780,-1
23781,-1
23782,-1
23783,-1
23784,-1
23785,-1
23786,-1
23787,-1
23788,-1
23789,-1
23790,-1
23791,-1
23792,-1
23793,-1
23794,-1
23795,-1
23796,-1
23797,-1
23798,-1
23799,-1
23800,-1
23801,-1
23802,-1
23803,-1
23804,-1
23805,-1
23806,-1
23807,-1
23808,-1
23809,-1
23810,9267
23811,9268
23812,9269
23813,-1
23814,-1
23815,9264
23816,9265
23817,9266
23818,-1
23819,-1
23820,9261
23821,9262
23822,9263
23823,-1
23824,-1
23825,9258
23826,9259
23827,9260
23828,-1
23829,-1
23830,9255
23831,9256
23832,9257
23833,-1
23834,-1
23835,-1
23836,-1
23837,-1
23838,-1
23839,-1
23840,-1
23841,-1
23842,-1
23843,-1
23844,-1
23845,-1
23846,-1
23847,-1
23848,-1
23849,-1
23850,-1
23851,-1
23852,-1
23853,-1
23854,-1
23855,-1
23856,-1
23857,-1
23858,-1
23859,-1
23860,-1
23861,-1
23862,-1
23863,-1
23864,-1
23865,-1
23866,-1
23867,-1
23868,-1
23869,-1
23870,-1
23871,-1
23872,-1
23873,-1
23874,9981
23875,9982
23876,9983
23877,-1
23878,-1
23879,9978
23880,9979
23881,9980
23882,-1
23883,-1
23884,9975
23885,9976
23886,9977
23887,-1
23888,-1
23889,9972
23890,9973
23891,9974
23892,-1
23893,-1
23894,-1
23895,-1
23896,-1
23897,-1
23898,-1
23899,-1
23900,-1
23901,-1
23902,-1
23903,-1
23904,-1
23905,-1
23906,-1
23907,-1
23908,-1
23909,-1
23910,-1
23911,-1
23912,-1
23913,-1
23914,-1
23915,-1
23916,-1
23917,-1
23918,-1
23919,-1
23920,-1
23921,-1
23922,-1
23923,-1
23924,-1
23925,-1
23926,-1
23927,-1
23928,-1
23929,-1
23930,-1
23931,-1
23932,-1
23933,-1
23934,-1
23935,-1
23936,-1
23937,-1
23938,10698
23939,10699
23940,10700
23941,-1
23942,-1
23943,10695
23944,10696
23945,10697
23946,-1
23947,-1
23948,10692
23949,10693
23950,10694
23951,-1
23952,-1
23953,10689
23954,10690
23955,10691
23956,-1
23957,-1
23958,-1
23959,-1
23960,-1
23961,-1
23962,-1
23963,-1
23964,-1
23965,-1
23966,-1
23967,-1
23968,-1
23969,-1
23970,-1
23971,-1
23972,-1
23973,-1
23974,-1
23975,-1
23976,-1
23977,-1
23978,-1
23979,-1
23980,-1
23981,-1
23982,-1
23983,-1
23984,-1
23985,-1
23986,-1
23987,-1
23988,-1
23989,-1
23990,-1
23991,-1
23992,-1
23993,-1
23994,-1
23995,-1
23996,-1
23997,-1
23998,-1
23999,-1
24000,-1
24001,-1
24002,11415
24003,11416
24004,11417
24005,-1
24006,-1
24007,11412
24008,11413
24009,11414
24010,-1
24011,-1
24012,11409
24013,11410
24014,11411
24015,-1
24016,-1
24017,11406
24018,11407
24019,11408
24020,-1
24021,-1
24022,-1
24023,-1
24024,-1
24025,-1
24026,-1
24027,-1
24028,-1
24029,-1
24030,-1
24031,-1
24032,-1
24033,-1
24034,-1
24035,-1
24036,-1
24037,-1
24038,-1
24039,-1
24040,-1
24041,-1
24042,-1
24043,-1
24044,-1
24045,-1
24046,-1
24047,-1
24048,-1
24049,-1
24050,-1
24051,-1
24052,-1
24053,-1
24054,-1
24055,-1
24056,-1
24057,-1
24058,-1
24059,-1
24060,-1
24061,-1
24062,-1
24063,-1
24064,-1
24065,-1
24066,-1
24067,-1
24068,-1
24069,-1
24070,-1
24071,-1
24072,-1
24073,-1
24074,-1
24075,-1
24076,-1
24077,-1
24078,-1
24079,-1
24080,-1
24081,-1
24082,-1
24083,-1
24084,-1
24085,-1
24086,-1
24087,-1
24088,-1
24089,-1
24090,-1
24091,-1
24092,-1
24093,-1
24094,-1
24095,-1
24096,-1
24097,-1
24098,-1
24099,-1
24100,-1
24101,-1
24102,-1
24103,-1
24104,-1
24105,-1
24106,-1
24107,-1
24108,-1
24109,-1
24110,-1
24111,-1
24112,-1
24113,-1
24114,-1
24115,-1
24116,-1
24117,-1
24118,-1
24119,-1
24120,-1
24121,-1
24122,-1
24123,-1
24124,-1
24125,-1
24126,-1
24127,-1
24128,-1
24129,-1
24130,-1
24131,-1
24132,-1
24133,-1
24134,-1
24135,-1
24136,-1
24137,-1
24138,-1
24139,-1
24140,-1
24141,-1
24142,-1
24143,-1
24144,-1
24145,-1
24146,-1
24147,-1
24148,-1
24149,-1
24150,-1
24151,-1
24152,-1
24153,-1
24154,-1
24155,-1
24156,-1
24157,-1
24158,-1
24159,-1
24160,-1
24161,-1
24162,-1
24163,-1
24164,-1
24165,-1
24166,-1
24167,-1
24168,-1
24169,-1
24170,-1
24171,-1
24172,-1
24173,-1
24174,-1
24175,-1
24176,-1
24177,-1
24178,-1
24179,-1
24180,-1
24181,-1
24182,-1
24183,-1
24184,-1
24185,-1
24186,-1
24187,-1
24188,-1
24189,-1
24190,-1
24191,-1
24192,-1
24193,-1
24194,-1
24195,-1
24196,-1
24197,-1
24198,-1
24199,-1
24200,-1
24201,-1
24202,-1
24203,-1
24204,-1
24205,-1
24206,-1
24207,-1
24208,-1
24209,-1
24210,-1
24211,-1
24212,-1
24213,-1
24214,-1
24215,-1
24216,-1
24217,-1
24218,-1
24219,-1
24220,-1
24221,-1
24222,-1
24223,-1
24224,-1
24225,-1
24226,-1
24227,-1
24228,-1
24229,-1
24230,-1
24231,-1
24232,-1
24233,-1
24234,-1
24235,-1
24236,-1
24237,-1
24238,-1
24239,-1
24240,-1
24241,-1
24242,-1
24243,-1
24244,-1
24245,-1
24246,-1
24247,-1
24248,-1
24249,-1
24250,-1
24251,-1
24252,-1
24253,-1
24254,-1
24255,-1
24256,-1
24257,-1
24258,-1
24259,-1
24260,-1
24261,-1
24262,-1
24263,-1
24264,-1
24265,-1
24266,-1
24267,-1
24268,-1
24269,-1
24270,-1
24271,-1
24272,-1
24273,-1
24274,-1
24275,-1
24276,-1
24277,-1
24278,-1
24279,-1
24280,-1
24281,-1
24282,-1
24283,-1
24284,-1
24285,-1
24286,-1
24287,-1
24288,-1
24289,-1
24290,-1
24291,-1
24292,-1
24293,-1
24294,-1
24295,-1
24296,-1
24297,-1
24298,-1
24299,-1
24300,-1
24301,-1
24302,-1
24303,-1
24304,-1
24305,-1
24306,-1
24307,-1
24308,-1
24309,-1
24310,-1
24311,-1
24312,-1
24313,-1
24314,-1
24315,-1
24316,-1
24317,-1
24318,-1
24319,-1
24320,-1
24321,-1
24322,-1
24323,-1
24324,-1
24325,-1
24326,-1
24327,-1
24328,-1
24329,-1
24330,-1
24331,-1
24332,-1
24333,-1
24334,-1
24335,-1
24336,-1
24337,-1
24338,-1
24339,-1
24340,-1
24341,-1
24342,-1
24343,-1
24344,-1
24345,-1
24346,-1
24347,-1
24348,-1
24349,-1
24350,-1
24351,-1
24352,-1
24353,-1
24354,-1
24355,-1
24356,-1
24357,-1
24358,-1
24359,-1
24360,-1
24361,-1
24362,-1
24363,-1
24364,-1
24365,-1
24366,-1
24367,-1
24368,-1
24369,-1
24370,-1
24371,-1
24372,-1
24373,-1
24374,-1
24375,-1
24376,-1
24377,-1
24378,-1
24379,-1
24380,-1
24381,-1
24382,-1
24383,-1
24384,-1
24385,-1
24386,-1
24387,-1
24388,-1
24389,-1
24390,-1
24391,-1
24392,-1
24393,-1
24394,-1
24395,-1
24396,-1
24397,-1
24398,-1
24399,-1
24400,-1
24401,-1
24402,-1
24403,-1
24404,-1
24405,-1
24406,-1
24407,-1
24408,-1
24409,-1
24410,-1
24411,-1
24412,-1
24413,-1
24414,-1
24415,-1
24416,-1
24417,-1
24418,-1
24419,-1
24420,-1
24421,-1
24422,-1
24423,-1
24424,-1
24425,-1
24426,-1
24427,-1
24428,-1
24429,-1
24430,-1
24431,-1
24432,-1
24433,-1
24434,-1
24435,-1
24436,-1
24437,-1
24438,-1
24439,-1
24440,-1
24441,-1
24442,-1
24443,-1
24444,-1
24445,-1
24446,-1
24447,-1
24448,-1
24449,-1
24450,-1
24451,-1
24452,-1
24453,-1
24454,-1
24455,-1
24456,-1
24457,-1
24458,-1
24459,-1
24460,-1
24461,-1
24462,-1
24463,-1
24464,-1
24465,-1
24466,-1
24467,-1
24468,-1
24469,-1
24470,-1
24471,-1
24472,-1
24473,-1
24474,-1
24475,-1
24476,-1
24477,-1
24478,-1
24479,-1
24480,-1
24481,-1
24482,-1
24483,-1
24484,-1
24485,-1
24486,-1
24487,-1
24488,-1
24489,-1
24490,-1
24491,-1
24492,-1
24493,-1
24494,-1
24495,-1
24496,-1
24497,-1
24498,-1
24499,-1
24500,-1
24501,-1
24502,-1
24503,-1
24504,-1
24505,-1
24506,-1
24507,-1
24508,-1
24509,-1
24510,-1
24511,-1
24512,-1
24513,-1
24514,-1
24515,-1
24516,-1
24517,-1
24518,-1
24519,-1
24520,-1
24521,-1
24522,-1
24523,-1
24524,-1
24525,-1
24526,-1
24527,-1
24528,-1
24529,-1
24530,-1
24531,-1
24532,-1
24533,-1
24534,-1
24535,-1
24536,-1
24537,-1
24538,-1
24539,-1
24540,-1
24541,-1
24542,-1
24543,-1
24544,-1
24545,-1
24546,-1
24547,-1
24548,-1
24549,-1
24550,-1
24551,-1
24552,-1
24553,-1
24554,-1
24555,-1
24556,-1
24557,-1
24558,-1
24559,-1
24560,-1
24561,-1
24562,-1
24563,-1
24564,-1
24565,-1
24566,-1
24567,-1
24568,-1
24569,-1
24570,-1
24571,-1
24572,-1
24573,-1
24574,-1
24575,-1
24576,-1
24577,-1
24578,-1
24579,-1
24580,-1
24581,-1
24582,-1
24583,-1
24584,-1
24585,-1
24586,-1
24587,-1
24588,-1
24589,-1
24590,-1
24591,-1
24592,-1
24593,-1
24594,-1
24595,-1
24596,-1
24597,-1
24598,-1
24599,-1
24600,-1
24601,-1
24602,-1
24603,-1
24604,-1
24605,-1
24606,-1
24607,-1
24608,-1
24609,-1
24610,-1
24611,-1
24612,-1
24613,-1
24614,-1
24615,-1
24616,-1
24617,-1
24618,-1
24619,-1
24620,-1
24621,-1
24622,-1
24623,-1
24624,-1
24625,-1
24626,-1
24627,-1
24628,-1
24629,-1
24630,-1
24631,-1
24632,-1
24633,-1
24634,-1
24635,-1
24636,-1
24637,-1
24638,-1
24639,-1
24640,5076
24641,5077
24642,5078
24643,-1
24644,-1
24645,-1
24646,-1
24647,-1
24648,-1
24649,-1
24650,-1
24651,-1
24652,-1
24653,-1
24654,-1
24655,-1
24656,-1
24657,-1
24658,-1
24659,-1
24660,-1
24661,-1
24662,-1
24663,-1
24664,-1
24665,-1
24666,-1
24667,-1
24668,-1
24669,-1
24670,-1
24671,-1
24672,-1
24673,-1
24674,-1
24675,-1
24676,-1
24677,-1
24678,-1
24679,-1
24680,-1
24681,-1
24682,-1
24683,-1
24684,-1
24685,-1
24686,-1
24687,-1
24688,-1
24689,-1
24690,-1
24691,-1
24692,-1
24693,-1
24694,-1
24695,-1
24696,-1
24697,-1
24698,-1
24699,-1
24700,-1
24701,-1
24702,-1
24703,-1
24704,-1
24705,-1
24706,-1
24707,-1
24708,-1
24709,-1
24710,-1
24711,-1
24712,-1
24713,-1
24714,-1
24715,-1
24716,-1
24717,-1
24718,-1
24719,-1
24720,-1
24721,-1
24722,-1
24723,-1
24724,-1
24725,-1
24726,-1
24727,-1
24728,-1
24729,-1
24730,-1
24731,-1
24732,-1
24733,-1
24734,-1
24735,-1
24736,-1
24737,-1
24738,-1
24739,-1
24740,-1
24741,-1
24742,-1
24743,-1
24744,-1
24745,-1
24746,-1
24747,-1
24748,-1
24749,-1
24750,-1
24751,-1
24752,-1
24753,-1
24754,-1
24755,-1
24756,-1
24757,-1
24758,-1
24759,-1
24760,-1
24761,-1
24762,-1
24763,-1
24764,-1
24765,-1
24766,-1
24767,-1
24768,-1
24769,-1
24770,-1
24771,-1
24772,-1
24773,-1
24774,-1
24775,-1
24776,-1
24777,-1
24778,-1
24779,-1
24780,-1
24781,-1
24782,-1
24783,-1
24784,-1
24785,-1
24786,-1
24787,-1
24788,-1
24789,-1
24790,-1
24791,-1
24792,-1
24793,-1
24794,-1
24795,-1
24796,-1
24797,-1
24798,-1
24799,-1
24800,-1
24801,-1
24802,-1
24803,-1
24804,-1
24805,-1
24806,-1
24807,-1
24808,-1
24809,-1
24810,-1
24811,-1
24812,-1
24813,-1
24814,-1
24815,-1
24816,-1
24817,-1
24818,-1
24819,-1
24820,-1
24821,-1
24822,-1
24823,-1
24824,-1
24825,-1
24826,-1
24827,-1
24828,-1
24829,-1
24830,-1
24831,-1
24832,-1
24833,-1
24834,-1
24835,-1
24836,-1
24837,-1
24838,-1
24839,-1
24840,-1
24841,-1
24842,-1
24843,-1
24844,-1
24845,-1
24846,-1
24847,-1
24848,-1
24849,-1
24850,-1
24851,-1
24852,-1
24853,-1
24854,-1
24855,-1
24856,-1
24857,-1
24858,-1
24859,-1
24860,-1
24861,-1
24862,-1
24863,-1
24864,-1
24865,-1
24866,-1
24867,-1
24868,-1
24869,-1
24870,-1
24871,-1
24872,-1
24873,-1
24874,-1
24875,-1
24876,-1
24877,-1
24878,-1
24879,-1
24880,-1
24881,-1
24882,-1
24883,-1
24884,-1
24885,-1
24886,-1
24887,-1
24888,-1
24889,-1
24890,-1
24891,-1
24892,-1
24893,-1
24894,-1
24895,-1
24896,-1
24897,-1
24898,-1
24899,-1
24900,-1
24901,-1
24902,-1
24903,-1
24904,-1
24905,-1
24906,-1
24907,-1
24908,-1
24909,-1
24910,-1
24911,-1
24912,-1
24913,-1
24914,-1
24915,-1
24916,-1
24917,-1
24918,-1
24919,-1
24920,-1
24921,-1
24922,-1
24923,-1
24924,-1
24925,-1
24926,-1
24927,-1
24928,-1
24929,-1
24930,-1
24931,-1
24932,-1
24933,-1
24934,-1
24935,-1
24936,-1
24937,-1
24938,-1
24939,-1
24940,-1
24941,-1
24942,-1
24943,-1
24944,-1
24945,-1
24946,-1
24947,-1
24948,-1
24949,-1
24950,-1
24951,-1
24952,-1
24953,-1
24954,-1
24955,-1
24956,-1
24957,-1
24958,-1
24959,-1
24960,-1
24961,-1
24962,-1
24963,-1
24964,-1
24965,-1
24966,-1
24967,-1
24968,-1
24969,-1
24970,-1
24971,-1
24972,-1
24973,-1
24974,-1
24975,-1
24976,-1
24977,-1
24978,-1
24979,-1
24980,-1
24981,-1
24982,-1
24983,-1
24984,-1
24985,-1
24986,-1
24987,-1
24988,-1
24989,-1
24990,-1
24991,-1
24992,-1
24993,-1
24994,-1
24995,-1
24996,-1
24997,-1
24998,-1
24999,-1
25000,-1
25001,-1
25002,-1
25003,-1
25004,-1
25005,-1
25006,-1
25007,-1
25008,-1
25009,-1
25010,-1
25011,-1
25012,-1
25013,-1
25014,-1
25015,-1
25016,-1
25017,-1
25018,-1
25019,-1
25020,-1
25021,-1
25022,-1
25023,-1
25024,-1
25025,-1
25026,-1
25027,-1
25028,-1
25029,-1
25030,-1
25031,-1
25032,-1
25033,-1
25034,-1
25035,-1
25036,-1
25037,-1
25038,-1
25039,-1
25040,-1
25041,-1
25042,-1
25043,-1
25044,-1
25045,-1
25046,-1
25047,-1
25048,-1
25049,-1
25050,-1
25051,-1
25052,-1
25053,-1
25054,-1
25055,-1
25056,-1
25057,-1
25058,-1
25059,-1
25060,-1
25061,-1
25062,-1
25063,-1
25064,-1
25065,-1
25066,-1
25067,-1
25068,-1
25069,-1
25070,-1
25071,-1
25072,-1
25073,-1
25074,-1
25075,-1
25076,-1
25077,-1
25078,-1
25079,-1
25080,-1
25081,-1
25082,-1
25083,-1
25084,-1
25085,-1
25086,-1
25087,-1
25088,-1
25089,-1
25090,-1
25091,-1
25092,-1
25093,-1
25094,-1
25095,-1
25096,-1
25097,-1
25098,-1
25099,-1
25100,-1
25101,-1
25102,-1
25103,-1
25104,-1
25105,-1
25106,-1
25107,-1
25108,-1
25109,-1
25110,-1
25111,-1
25112,-1
25113,-1
25114,-1
25115,-1
25116,-1
25117,-1
25118,-1
25119,-1
25120,-1
25121,-1
25122,-1
25123,-1
25124,-1
25125,-1
25126,-1
25127,-1
25128,-1
25129,-1
25130,-1
25131,-1
25132,-1
25133,-1
25134,-1
25135,-1
25136,-1
25137,-1
25138,-1
25139,-1
25140,-1
25141,-1
25142,-1
25143,-1
25144,-1
25145,-1
25146,-1
25147,-1
25148,-1
25149,-1
25150,-1
25151,-1
25152,-1
25153,-1
25154,-1
25155,-1
25156,-1
25157,-1
25158,-1
25159,-1
25160,-1
25161,-1
25162,-1
25163,-1
25164,-1
25165,-1
25166,-1
25167,-1
25168,-1
25169,-1
25170,-1
25171,-1
25172,-1
25173,-1
25174,-1
25175,-1
25176,-1
25177,-1
25178,-1
25179,-1
25180,-1
25181,-1
25182,-1
25183,-1
25184,-1
25185,-1
25186,-1
25187,-1
25188,-1
25189,-1
25190,-1
25191,-1
25192,-1
25193,-1
25194,-1
25195,-1
25196,-1
25197,-1
25198,-1
25199,-1
25200,-1
25201,-1
25202,-1
25203,-1
25204,-1
25205,-1
25206,-1
25207,-1
25208,-1
25209,-1
25210,-1
25211,-1
25212,-1
25213,-1
25214,-1
25215,-1
25216,-1
25217,-1
25218,-1
25219,-1
25220,-1
25221,-1
25222,-1
25223,-1
25224,-1
25225,-1
25226,-1
25227,-1
25228,-1
25229,-1
25230,-1
25231,-1
25232,-1
25233,-1
25234,-1
25235,-1
25236,-1
25237,-1
25238,-1
25239,-1
25240,-1
25241,-1
25242,-1
25243,-1
25244,-1
25245,-1
25246,-1
25247,-1
25248,-1
25249,-1
25250,-1
25251,-1
25252,-1
25253,-1
25254,-1
25255,-1
25256,-1
25257,-1
25258,-1
25259,-1
25260,-1
25261,-1
25262,-1
25263,-1
25264,-1
25265,-1
25266,-1
25267,-1
25268,-1
25269,-1
25270,-1
25271,-1
25272,-1
25273,-1
25274,-1
25275,-1
25276,-1
25277,-1
25278,-1
25279,-1
25280,-1
25281,-1
25282,-1
25283,-1
25284,-1
25285,-1
25286,-1
25287,-1
25288,-1
25289,-1
25290,-1
25291,-1
25292,-1
25293,-1
25294,-1
25295,-1
25296,-1
25297,-1
25298,-1
25299,-1
25300,-1
25301,-1
25302,-1
25303,-1
25304,-1
25305,-1
25306,-1
25307,-1
25308,-1
25309,-1
25310,-1
25311,-1
25312,-1
25313,-1
25314,-1
25315,-1
25316,-1
25317,-1
25318,-1
25319,-1
25320,-1
25321,-1
25322,-1
25323,-1
25324,-1
25325,-1
25326,-1
25327,-1
25328,-1
25329,-1
25330,-1
25331,-1
25332,-1
25333,-1
25334,-1
25335,-1
25336,-1
25337,-1
25338,-1
25339,-1
25340,-1
25341,-1
25342,-1
25343,-1
